monthly_downloads,package,days_since_release,research
228023966,pyparsing,0,"{'days_since_release': ""The most recent release of `pyparsing` is version 3.3.2, which was released on 2026-01-21 [12b0eb]. Since today's date is 2026-01-21, the number of days since the last release is 0.""}"
100976609,httplib2,1,"{'days_since_release': ""The last release of 'httplib2' was on January 20, 2026. A search result from 'about 12 hours ago' relative to Jan 21, 2026, indicates a release on Jan 20. Another document query mentioned Jan 13, 2026 [c95d53], but the most recent snippet confirms a newer release 'about 12 hours ago'. Given today is Jan 21, 1 day has passed.""}"
284855054,yandexcloud,2,"{'days_since_release': ""According to the PyPI project history for 'yandexcloud', the latest version (0.374.0) was released on January 19, 2026 [603b89]. Given the current date of January 21, 2026, the number of days since the last release is 2 days.""}"
60533222,multiprocess,2,"{'days_since_release': ""The last release of 'multiprocess' was on January 19, 2026 [fa4555]. Given today's date is January 21, 2026, the number of days since the last release is 2.""}"
263165966,pyarrow,3,"{'days_since_release': 'Today is 2026-01-21. The latest release for pyarrow on PyPI is version 23.0.0, released on Jan 18, 2026 [410b71]. From Jan 18 to Jan 21 is 3 days.'}"
220491817,starlette,3,"{'days_since_release': ""The latest version of starlette on PyPI is 0.52.1, released on Jan 18, 2026 according to the project's PyPI page (https://pypi.org/project/starlette/). With today's date being Jan 21, 2026, the number of days since release is 3.""}"
126965531,poetry-core,3,"{'days_since_release': ""The last release of 'poetry-core' on PyPI is version 2.3.0, which was released on January 18, 2026 [2a2bf0]. Given the current date of January 21, 2026, the number of days since the last release is 3 days.""}"
110493686,dill,3,"{'days_since_release': ""The latest release of the 'dill' package (version 0.4.1) was on January 18, 2026, as seen on the PyPI project page. From January 18, 2026, to January 21, 2026, is 3 days. Although one tool result mentioned January 19 [ea7c0e], the search snippet from pypi.org explicitly lists January 18, which is consistent with typical release indexing. I have used the January 18 date for the calculation.""}"
86688363,black,3,"{'days_since_release': ""The last release of 'black' on PyPI was version 26.1.0, released on January 18, 2026 [7900b8]. Calculated as the difference between today's date (2026-01-21) and the release date (2026-01-18), which is 3 days.""}"
63717753,litellm,3,"{'days_since_release': ""The last release of 'litellm' on PyPI was version 1.81.0, published on January 18, 2026 [5856e7]. Given today's date of January 21, 2026, the number of days since the last release is 3 days.""}"
56726437,dulwich,4,"{'days_since_release': ""Today is 2026-01-21. The latest release of 'dulwich' on PyPI is version 1.0.0, released on January 17, 2026 [1996c3]. The number of days from January 17, 2026, to January 21, 2026, is 4 days. Note: earlier search snippets showed version 0.25.2 on Jan 11, but the direct document query returned a more recent 1.0.0 release.""}"
261520701,grpcio-tools,5,"{'days_since_release': 'The last release of grpcio-tools (version 1.78.0rc2) occurred on Jan 16, 2026 [b0f8a3]. As of today, Jan 21, 2026, the number of days since this release is 5 days.'}"
257245803,grpcio,5,"{'days_since_release': ""The latest release for 'grpcio' is version 1.78.0rc2, which was released on Jan 16, 2026 [257dae]. Given today's date of Jan 21, 2026, the number of days since the last release is 5. If only stable releases were considered, version 1.76.0 was released on Oct 21, 2025 [257dae], which would be 92 days ago. However, the task specifies the package's last release, which typically includes pre-releases.""}"
113766696,transformers,5,"{'days_since_release': ""The last version of the 'transformers' package (v4.57.6) was released on Jan 16, 2026 [970845]. Given today's date is Jan 21, 2026, the number of days since the last release is 5.""}"
102716015,kubernetes,5,"{'days_since_release': ""The last release of the 'kubernetes' package on PyPI is version 35.0.0, released on January 16, 2026 [8e1e5e]. Given today's date of January 21, 2026, the number of days since the release is 5 days (January 16 to January 21).""}"
100565456,langchain,5,"{'days_since_release': ""The latest version of langchain (1.2.6) was released on January 16, 2026 [3ba095]. Given today's date is January 21, 2026, the number of days since release is 5.""}"
98279804,grpcio-health-checking,5,"{'days_since_release': ""The latest release for grpcio-health-checking (version 1.78.0rc2) was on January 16, 2026 [817dfb]. Given today's date is January 21, 2026, the number of days since release is 5.""}"
246358606,google-genai,6,"{'days_since_release': ""The package 'google-genai' (version 1.59.0) was released on January 15, 2026, according to its PyPI project page. Given the current date of January 21, 2026, the number of days since the last release is 6.""}"
113595124,google-auth-oauthlib,6,"{'days_since_release': 'The latest release for google-auth-oauthlib is version 1.2.4, which was released on January 15, 2026 [75f34b]. From January 15, 2026, to the current date of January 21, 2026, is 6 days.'}"
112030236,langsmith,6,"{'days_since_release': ""The package 'langsmith' version 0.6.4 was released on January 15, 2026 [9b3e51]. Given the current date of January 21, 2026, the number of days since release is 6 (January 21 - January 15).""}"
106581775,ruff,6,"{'days_since_release': ""The latest release of the 'ruff' package is version 0.14.13, which was published on January 15, 2026 [0bb4c3]. Given that today's date is January 21, 2026, the number of days since the last release is 6.""}"
99218170,textual,6,"{'days_since_release': 'The latest release of textual (version 7.3.0) occurred on January 15, 2026 [b62221]. Calculated from the current date of 2026-01-21, the duration is 6 days.'}"
83960695,uv,6,"{'days_since_release': ""The latest version of the 'uv' package (0.9.26) was released on January 15, 2026 [4e8e83]. Given today's date of January 21, 2026, the number of days since the last release is 6 days (21 - 15).""}"
68105348,google-cloud-vision,6,"{'days_since_release': ""The last release of google-cloud-vision (version 3.12.0) on PyPI was on January 15, 2026 [298716]. Given today's date of January 21, 2026, the number of days since release is 6 (21 - 15 = 6).""}"
66816192,google-cloud-monitoring,6,"{'days_since_release': ""The latest version of google-cloud-monitoring (2.29.0) was released on January 15, 2026, according to its PyPI page [5584bf]. With today's date being January 21, 2026, it has been 6 days since the last release.""}"
66430960,google-cloud-tasks,6,"{'days_since_release': ""The package 'google-cloud-tasks' was last released on January 15, 2026 (version 2.21.0) as documented on PyPI [7374f2]. Given today's date of January 21, 2026, the number of days since release is 6.""}"
66299450,google-cloud-speech,6,"{'days_since_release': ""The latest release of the 'google-cloud-speech' package is version 2.36.0, which was published on January 15, 2026 [75d848]. Given that today's date is January 21, 2026, the number of days since the last release is 6.""}"
66111238,google-cloud-dlp,6,"{'days_since_release': ""Today is 2026-01-21. The latest release of 'google-cloud-dlp' was on January 15, 2026 [47fe3a]. The number of days since Jan 15 to Jan 21 is 21 - 15 = 6 days.""}"
65403655,google-cloud-compute,6,"{'days_since_release': ""The latest release for 'google-cloud-compute' (version 1.42.0) was on January 15, 2026 [b46ca0]. Today's date is January 21, 2026. 21 - 15 = 6 days.""}"
64867154,google-cloud-workflows,6,"{'days_since_release': ""The package 'google-cloud-workflows' was last released on January 15, 2026 [af4b81]. Given the current date is January 21, 2026, the number of days since the last release is 6.""}"
64641303,databricks-sdk,6,"{'days_since_release': ""The last release of the 'databricks-sdk' package was version 0.78.0, released on January 15, 2026, according to PyPI [3e07f9]. With today's date being January 21, 2026, the number of days elapsed is 6.""}"
64558997,google-cloud-language,6,"{'days_since_release': ""The package 'google-cloud-language' had its last release (version 2.19.0) on January 15, 2026 [2a3d63]. Given the current date of January 21, 2026, the number of days since the last release is 6 days.""}"
62390349,google-cloud-videointelligence,6,"{'days_since_release': ""The package 'google-cloud-videointelligence' has a last release date of January 15, 2026 (version 2.18.0), as found on its PyPI release history page. With the current date being January 21, 2026, the number of days since the last release is 6.""}"
61902590,google-cloud-kms,6,"{'days_since_release': ""The latest release of the 'google-cloud-kms' package on PyPI was on January 15, 2026 [4def3c]. Given the current date of January 21, 2026, the number of days since this release is 6 days (21 - 15).""}"
61607170,google-cloud-os-login,6,"{'days_since_release': ""The latest release for google-cloud-os-login (version 2.19.0) was on January 15, 2026 [df939a]. Given today's date is January 21, 2026, the number of days since release is 6.""}"
59477672,google-cloud-redis,6,"{'days_since_release': ""The 'google-cloud-redis' package last release (version 2.20.0) was on January 15, 2026 [e19033]. Given today's date of 2026-01-21, the number of days elapsed is 6 (21 - 15 = 6 days).""}"
212980001,trove-classifiers,7,"{'days_since_release': ""The latest version of the 'trove-classifiers' package was released on January 14, 2026 [572c76]. Given today's date is January 21, 2026, the number of days since the last release is 7 (2026-01-21 minus 2026-01-14).""}"
173912133,regex,7,"{'days_since_release': ""The 'regex' package version 2026.1.15 was released on January 14, 2026 [dabd4f]. Given today's date is January 21, 2026, the number of days elapsed is 7.""}"
167534594,google-cloud-storage,7,"{'days_since_release': ""The latest release of 'google-cloud-storage' (version 3.8.0) was on January 14, 2026, as found on PyPI [d24f9d]. Given today's date of January 21, 2026, the number of days since release is 7.""}"
112213468,alembic,7,"{'days_since_release': ""The last version of the 'alembic' package was released on Jan 14, 2026 [05e040]. Given today's date is Jan 21, 2026, the number of days since the last release is 7.""}"
95140120,prometheus-client,7,"{'days_since_release': ""The package prometheus-client was last released on January 14, 2026, which is 7 days before today's date of January 21, 2026 [335ec3].""}"
63675801,dbt-adapters,7,"{'days_since_release': 'The latest release for dbt-adapters was on January 14, 2026 [a9ac5b]. From January 14, 2026, to the current date of January 21, 2026, is exactly 7 days.'}"
202349564,tomlkit,8,"{'days_since_release': ""The last release of the 'tomlkit' package was published on January 13, 2026 [7e973f]. Calculating the duration between January 13, 2026, and the current date of January 21, 2026, results in 8 days.""}"
113342067,google-api-python-client,8,"{'days_since_release': 'The latest release of google-api-python-client on PyPI (version 2.187.0) was on January 13, 2026 [b0914f]. Since today is January 21, 2026, the number of days since the last release is 21 - 13 = 8 days.'}"
90609032,jaraco-context,8,"{'days_since_release': ""The latest release of jaraco.context (version 6.1.0) was on 2026-01-13 [840206]. Given today's date of 2026-01-21, the number of days since release is 8.""}"
80227421,awswrangler,8,"{'days_since_release': ""The latest release of 'awswrangler' on PyPI is version 3.15.0, which was released on January 13, 2026 [8ddac3]. As of today, January 21, 2026, the number of days since that release is 8 days.""}"
79400089,pandas-stubs,8,"{'days_since_release': ""The latest release of 'pandas-stubs' (version 2.3.3.260113) was on January 13, 2026 [e72f34]. Calculating from January 13, 2026, to January 21, 2026, results in 8 days.""}"
149759891,azure-core,9,"{'days_since_release': ""The package 'azure-core' was last released (version 1.38.0) on 2026-01-12 [f7f8be]. Given today's date is 2026-01-21, the number of days since the release is 9 (21 - 12).""}"
86850577,identify,9,"{'days_since_release': ""The latest release of the 'identify' package is version 2.6.16, which was released on January 12, 2026 [0ff047]. Calculating the days from January 12, 2026, to the current date of January 21, 2026, results in 9 days.""}"
59489069,notebook,9,"{'days_since_release': ""The 'notebook' package's latest version (7.5.2) was released on Jan 12, 2026, according to PyPI [8d703e]. Given today's date of Jan 21, 2026, the number of days since release is 9 (21 - 12 = 9).""}"
256673318,tomli,10,"{'days_since_release': ""The package 'tomli' last release (version 2.3.0) was on Jan 11, 2026, as found on pypi.org (https://pypi.org/project/tomli/). Given today's date is Jan 21, 2026, the number of days since release is 10.""}"
262244319,scipy,11,"{'days_since_release': ""The latest release for 'scipy' on PyPI (version 1.17.0) was on January 10, 2026 according to the PyPI project page (https://pypi.org/project/scipy/) and the official SciPy news (https://scipy.org/news/). Given today's date of January 21, 2026, the number of days since the last release is 11.""}"
142590563,websockets,11,"{'days_since_release': ""The package 'websockets' was last released on January 10, 2026 (version 16.0) as documented on PyPI [145472]. Given today's date of January 21, 2026, the number of days since release is 11.""}"
273521302,virtualenv,12,"{'days_since_release': ""The latest release of 'virtualenv' was on January 9, 2026, as found on PyPI [fe9ff6]. Given the current date is January 21, 2026, the number of days since the release is 12 (21 - 9).""}"
241427597,pathspec,12,"{'days_since_release': ""The last release of 'pathspec' on PyPI was version 1.0.3, published on January 9, 2026 [bbf679]. Given today's date of January 21, 2026, the number of days since the last release is 12 days.""}"
129901324,openai,12,"{'days_since_release': ""The latest release for the openai package was version 2.15.0 on January 9, 2026 [23c1b1]. Given today's date of January 21, 2026, the number of days since release is 12 (21 - 9 = 12).""}"
105924623,google-cloud-batch,12,"{'days_since_release': ""The package 'google-cloud-batch' had its last release (version 0.20.0) on January 9, 2026, as per the PyPI release history [6fc92d]. Given today's date of January 21, 2026, the number of days elapsed is 12 (21 - 9).""}"
99175148,google-analytics-admin,12,"{'days_since_release': ""The latest version of google-analytics-admin (0.27.0) was released on January 9, 2026 [7de446]. Given today's date is January 21, 2026, the number of days since release is 12 (21 - 9 = 12).""}"
73862291,langchain-core,12,"{'days_since_release': ""The latest release of 'langchain-core' (version 1.2.7) was on 2026-01-09 [f5985c]. Given today's date is 2026-01-21, the number of days since release is 12 (21 - 9).""}"
293565918,google-api-core,13,"{'days_since_release': ""The package 'google-api-core' last released version 2.29.0 on January 8, 2026, as found on PyPI and confirmed by NewReleases.io (https://pypi.org/project/google-api-core/, https://newreleases.io/project/pypi/google-api-core/release/2.29.0). Given today's date of January 21, 2026, the number of days since release is 13.""}"
169692304,werkzeug,13,"{'days_since_release': ""The last release of 'werkzeug' was on Jan 8, 2026 [85e1ce]. Given today's date of 2026-01-21, the number of days since the release is 13 (21 - 8 = 13).""}"
117737102,google-cloud-bigquery,13,"{'days_since_release': ""The latest release of google-cloud-bigquery (version 3.40.0) was on 2026-01-08 [c879c8]. Given today's date of 2026-01-21, the number of days since release is 13.""}"
101408714,build,13,"{'days_since_release': ""The latest version of the 'build' package (v1.4.0) was released on January 8, 2026, as found on pypi.org [d2ac89]. Given today's date is January 21, 2026, the number of days since the last release is 13 (2026-01-21 minus 2026-01-08).""}"
55671094,databricks-sql-connector,13,"{'days_since_release': ""The package 'databricks-sql-connector' last released version 4.2.4 on January 8, 2026 [620b24]. Given today's date of January 21, 2026, the number of days since the last release is 13.""}"
270787755,jsonschema,14,"{'days_since_release': ""According to the PyPI project page for 'jsonschema', the latest version was released on Jan 7, 2026 (https://pypi.org/project/jsonschema/). Given today's date of January 21, 2026, the number of days since the last release is 14 days (21 - 7).""}"
144654374,snowflake-connector-python,14,"{'days_since_release': ""The latest release for 'snowflake-connector-python' on PyPI (version 4.2.0) was on January 7, 2026 according to the PyPI project page (https://pypi.org/project/snowflake-connector-python/). Given today's date of January 21, 2026, the number of days since the last release is 14.""}"
93174268,types-requests,14,"{'days_since_release': ""The last release of types-requests was on January 7, 2026 [235416]. Given today's date is January 21, 2026, the number of days elapsed is exactly 14 days.""}"
73507043,pymongo,14,"{'days_since_release': ""According to the PyPI release history for 'pymongo', the latest version (4.16.0) was released on Jan 7, 2026 (https://pypi.org/project/pymongo/3.13.0/). Today's date is 2026-01-21. The number of days between 2026-01-07 and 2026-01-21 is 14 days.""}"
145292664,msal,15,"{'days_since_release': ""The latest release of the 'msal' package is version 1.35.0b1, which was released on January 6, 2026 [09a5ac]. Calculating the days from January 6, 2026, to the current date of January 21, 2026, results in 15 days.""}"
107601543,typer,15,"{'days_since_release': ""The package 'typer' last released version 0.21.1 on January 6, 2026 [54514d]. Today's date is January 21, 2026. The number of days between 2026-01-06 and 2026-01-21 is 15.""}"
97187097,azure-storage-blob,15,"{'days_since_release': ""The last release for 'azure-storage-blob' was version 12.28.0 on January 6, 2026 [6ddd20]. Calculating the days from January 6, 2026, to the current date of January 21, 2026 results in 15 days.""}"
65610614,dbt-common,15,"{'days_since_release': ""The last release of 'dbt-common' was version 1.34.1 on January 6, 2026 [7789c0]. Today's date is January 21, 2026. The number of days since release is 21 - 6 = 15 days. Note: Although some search snippets mention 'Released: Dec 15, 2025', the direct document query for the project history confirms a more recent release on January 6, 2026.""}"
58314588,scramp,15,"{'days_since_release': ""The last release of 'scramp' (version 1.4.8) on PyPI was on January 6, 2026, as shown on the pypi.org project page. Given today's date of January 21, 2026, the number of days is 21 - 6 = 15 days.""}"
93725542,tokenizers,16,"{'days_since_release': ""The latest release of tokenizers is version 0.22.2, which was released on January 5, 2026 [7cc1a1]. Given today's date of January 21, 2026, the number of days since the release is 16 (21 - 5 = 16).""}"
89579592,ipython,16,"{'days_since_release': ""The last release date for 'ipython' was January 5, 2026 [f8f901]. Today's date is January 21, 2026. The number of days from Jan 5, 2026, to Jan 21, 2026, is 16 days.""}"
95318098,marshmallow,17,"{'days_since_release': ""The latest release of the 'marshmallow' package is version 4.2.0, which was released on 2026-01-04 according to the release history on PyPI [9d4a36]. Given today's date of 2026-01-21, the number of days since this release is 17 (21 - 4).""}"
88531229,cython,17,"{'days_since_release': ""The latest release for Cython is version 3.2.4, which was published on 2026-01-04 [7cf7ec]. As today's date is 2026-01-21, the number of days since release is 17.""}"
280824866,aiohttp,18,"{'days_since_release': ""The latest release of 'aiohttp' (version 3.13.3) was on January 3, 2026, according to PyPI [7e188c]. As of today, January 21, 2026, this was 18 days ago.""}"
84551859,mpmath,18,"{'days_since_release': ""The last release of 'mpmath' on PyPI was version 1.4.0b3 on January 3, 2026 [ffd9c5]. Given today's date of January 21, 2026, the number of days since the last release is 18.""}"
239617573,pillow,19,"{'days_since_release': ""The package 'pillow' last release (version 12.1.0) was on Jan 2, 2026, as found on pypi.org (https://pypi.org/project/pillow/). Given today's date is Jan 21, 2026, the number of days since release is 19.""}"
118976897,ruamel-yaml,19,"{'days_since_release': ""The latest version of ruamel.yaml (0.19.1) was released on January 2, 2026, as found on PyPI [7eab0e]. Given today's date is January 21, 2026, the number of days since the last release is 19.""}"
168492486,pynacl,20,"{'days_since_release': ""The latest release of 'pynacl' (version 1.6.2) was on January 1, 2026 [439311]. Given today's date of 2026-01-21, the number of days since the release is 20 days.""}"
133489115,gitpython,20,"{'days_since_release': ""The latest version of GitPython (3.1.46) was released on January 1, 2026 [83a0b3]. Given today's date is January 21, 2026, the number of days since release is 20.""}"
73125664,sphinx,21,"{'days_since_release': ""The package 'sphinx' had its last release (version 9.1.0) on December 31, 2025, as found on PyPI [e22459]. Given today's date of January 21, 2026, the number of days since the release is 21.""}"
239159451,psutil,23,"{'days_since_release': 'The latest version of psutil (7.2.1) was released on December 29, 2025, as found on PyPI [391d82]. Calculating the difference between the current date (January 21, 2026) and the release date (December 29, 2025): 2 days in December (30th and 31st) and 21 days in January equals 23 days.'}"
71750140,termcolor,23,"{'days_since_release': ""The latest release of 'termcolor' (version 3.3.0) was on December 29, 2025, as found on PyPI [d955ac]. From December 29, 2025, to the current date of January 21, 2026, there are 23 days (2 days in December + 21 days in January).""}"
149123774,coverage,24,"{'days_since_release': ""The latest release of 'coverage' (version 7.13.1) was on 2025-12-28 [b2f0f4]. Given today's date is 2026-01-21, the number of days since release is 24 (3 days remaining in December + 21 days in January).""}"
205713076,fastapi,25,"{'days_since_release': ""The latest version of FastAPI on PyPI is 0.128.0, which was released on December 27, 2025 [24c112]. Given today's date of January 21, 2026, the number of days since release is 25 (4 days in December 2025 + 21 days in January 2026).""}"
71399567,dbt-core,30,"{'days_since_release': ""The latest release of dbt-core is version 1.11.2, which was released on December 22, 2025 [917a30]. Given today's date of January 21, 2026, the number of days since the release is 30 (9 days remaining in December + 21 days in January).""}"
217764972,uvicorn,31,"{'days_since_release': ""The last release of 'uvicorn' was version 0.40.0, which was published on December 21, 2025 [0445a2]. Given today's date of 2026-01-21, the number of days since release is 31 days (10 days in Dec + 21 days in Jan).""}"
93792297,jaraco-functools,31,"{'days_since_release': ""The last release of `jaraco-functools` (v4.4.0) was on December 21, 2025, as stated on its PyPI project page (https://pypi.org/project/jaraco.functools/) and PyPI user profile for jaraco (https://pypi.org/user/jaraco/). Given today's date of January 21, 2026, the number of days since release is 31 (10 days in December + 21 days in January).""}"
96170069,nodeenv,32,"{'days_since_release': 'The latest version of nodeenv on PyPI is 1.10.0, which was released on December 20, 2025 [151da5]. From December 20, 2025, to the current date of January 21, 2026, is exactly 32 days (11 days in December + 21 days in January).'}"
92361252,sqlparse,33,"{'days_since_release': ""The latest release for 'sqlparse' on PyPI is version 0.5.5, which was published on December 19, 2025 [1f77fb]. With today's date being January 21, 2026, there are 12 days remaining in December (31-19) and 21 days in January, totaling 33 days since the release.""}"
62183805,mcp,33,"{'days_since_release': ""The latest release for 'mcp' (version 1.25.0) was on December 19, 2025 [352bac]. From December 19, 2025, to the current date of January 21, 2026, the count is: December (12 days) and January (21 days), totaling 33 days.""}"
203017459,soupsieve,34,"{'days_since_release': 'The latest release of soupsieve (version 2.8.1) was on December 18, 2025, according to PyPI (https://pypi.org/project/soupsieve/). Given the current date of January 21, 2026, the number of days elapsed is 34 days (13 days in Dec + 21 in Jan).'}"
188009607,docutils,34,"{'days_since_release': ""The latest release of 'docutils' on PyPI is version 0.22.4, which was released on December 18, 2025, according to its PyPI project page (https://pypi.org/project/docutils/). With today's date being January 21, 2026, the number of days since release is 34 (13 days in December + 21 days in January).""}"
102493088,google-cloud-secret-manager,34,"{'days_since_release': ""The latest release of 'google-cloud-secret-manager' (version 2.26.0) was on December 18, 2025, according to PyPI [875850]. Calculating from that date to the current date of January 21, 2026: there are 13 days remaining in December 2025 and 21 days in January 2026, totaling 34 days.""}"
140035739,python-multipart,35,"{'days_since_release': ""The package 'python-multipart' had its last release (version 0.0.21) on December 17, 2025, according to PyPI (https://pypi.org/project/python-multipart/). From December 17, 2025, to January 21, 2026, is 35 days (14 days in December + 21 in January).""}"
60193966,google-cloud-bigtable,35,"{'days_since_release': ""The last release of google-cloud-bigtable was version 2.35.0 on December 17, 2025 [7eeb03]. Given today's date of January 21, 2026, the number of days since the release is calculated as 14 days in December 2025 (31 minus 17) plus 21 days in January 2026, totaling 35 days.""}"
172906508,proto-plus,36,"{'days_since_release': ""The latest version of 'proto-plus' (1.27.0) was released on Dec 16, 2025, according to PyPI. Using the current date of Jan 21, 2026, the number of days is calculated as 15 days remaining in December and 21 days in January, totaling 36 days. Source: pypi.org/project/proto-plus/.""}"
87512976,pre-commit,36,"{'days_since_release': 'The last release for pre-commit was on 2025-12-16 [b649e5]. As of the current date 2026-01-21, the number of days since this release is 36 (15 days remaining in 2025 plus 21 days in 2026).'}"
136809003,joblib,37,"{'days_since_release': ""The latest release of the 'joblib' package is version 1.5.3, which was published on December 15, 2025 [d4ddfc]. Calculated from December 15, 2025, to the current date of January 21, 2026: December 2025 (16 days) + January 2026 (21 days) = 37 days.""}"
115558072,google-crc32c,37,"{'days_since_release': ""Today is 2026-01-21. The latest release of 'google-crc32c' on PyPI is version 1.8.0, which was released on Dec 15, 2025. The number of days between 2025-12-15 and 2026-01-21 is 37 days. Sources: PyPI project page for google-crc32c and release tracking sites.""}"
102771866,google-auth-httplib2,37,"{'days_since_release': ""The last release of 'google-auth-httplib2' was version 0.3.0 on December 15, 2025 [34732f]. Given today's date is January 21, 2026, the number of days elapsed is 37 (16 days in December + 21 days in January).""}"
87839580,tornado,37,"{'days_since_release': ""The latest release of the 'tornado' package (version 6.5.4) was on December 15, 2025, according to PyPI and official documentation. Given today's date of January 21, 2026, the number of days since the release is 37 days (16 days remaining in December + 21 days in January).""}"
82188651,mypy,37,"{'days_since_release': ""Today is 2026-01-21. The latest release of 'mypy' on PyPI is version 1.19.1, which was released on December 15, 2025 [db898d]. The number of days from December 15, 2025, to January 21, 2026, is 37 days (16 days in December + 21 days in January).""}"
64521360,debugpy,37,"{'days_since_release': ""The last release of debugpy (version 1.8.19) was on December 15, 2025 [d48c52]. Given today's date of January 21, 2026, the number of days since the last release is 37 (16 days remaining in December + 21 days in January).""}"
166796220,huggingface-hub,40,"{'days_since_release': ""The package huggingface-hub version 1.2.3 was released on December 12, 2025, according to PyPI and Open Source Insights. Today's date is January 21, 2026. The number of days between 2025-12-12 and 2026-01-21 is 40 days (19 days in Dec + 21 in Jan). Sources: https://pypi.org/project/huggingface-hub/, https://deps.dev/pypi/huggingface-hub/0.35.0/versions.""}"
117411389,fonttools,40,"{'days_since_release': ""The package 'fonttools' had its last release (version 4.61.1) on December 12, 2025, according to PyPI [f11152]. Given today's date of January 21, 2026, the number of days since release is 40.""}"
281954971,opentelemetry-proto,41,"{'days_since_release': ""The package 'opentelemetry-proto' last release on PyPI was version 1.39.1, which was released on December 11, 2025 [ed6e42, b81ed6]. Today's date is January 21, 2026. The number of days between 2025-12-11 and 2026-01-21 is 41 days (20 days in December + 21 in January).""}"
263435215,opentelemetry-exporter-otlp-proto-grpc,41,"{'days_since_release': ""The package 'opentelemetry-exporter-otlp-proto-grpc' was last released (version 1.39.1) on 2025-12-11 [be908a]. Given today's date is 2026-01-21, there are 20 days remaining in December 2025 and 21 days in January 2026, totaling 41 days.""}"
246028689,opentelemetry-sdk,41,"{'days_since_release': ""The latest release of 'opentelemetry-sdk' is version 1.39.1, which was released on December 11, 2025 [588a4b]. Today's date is January 21, 2026. The number of days between 2025-12-11 and 2026-01-21 is 41 days.""}"
231187445,opentelemetry-exporter-otlp-proto-http,41,"{'days_since_release': ""The package 'opentelemetry-exporter-otlp-proto-http' was last released on December 11, 2025 (version 1.39.1), as shown on pypi.org (https://pypi.org/project/opentelemetry-exporter-otlp-proto-http/). Given today's date of January 21, 2026, the number of days since release is 41 (20 days in December + 21 days in January).""}"
214449447,opentelemetry-exporter-otlp,41,"{'days_since_release': ""The last release of 'opentelemetry-exporter-otlp' (version 1.39.1) was on December 11, 2025 [6f729a]. Given today's date of 2026-01-21, the number of days since release is 41 (20 days remaining in December + 21 days in January).""}"
196383261,opentelemetry-exporter-otlp-proto-common,41,"{'days_since_release': ""The latest version of 'opentelemetry-exporter-otlp-proto-common' on PyPI is 1.39.1, released on December 11, 2025, as stated on its PyPI page (https://pypi.org/project/opentelemetry-exporter-otlp-proto-common/). From December 11, 2025, to January 21, 2026, is 41 days (20 days remaining in December and 21 days in January).""}"
165368934,opentelemetry-api,41,"{'days_since_release': ""The last release of 'opentelemetry-api' on PyPI was version 1.39.1, uploaded on December 11, 2025 (https://pypi.org/project/opentelemetry-api/). Given today's date of January 21, 2026, the number of days since release is 41 (20 days in December + 21 days in January).""}"
161994747,opentelemetry-semantic-conventions,41,"{'days_since_release': ""The last release of 'opentelemetry-semantic-conventions' was on Dec 11, 2025 [97e719]. Given today's date of 2026-01-21, there are 41 days between Dec 11, 2025 and Jan 21, 2026 (20 days remaining in December + 21 days in January).""}"
89864756,opentelemetry-instrumentation,41,"{'days_since_release': 'The latest release for opentelemetry-instrumentation was version 0.60b1 on December 11, 2025 [fe7d13]. Given the current date is January 21, 2026, the number of days since release is 41 (20 days remaining in December + 21 days in January).'}"
81827412,opentelemetry-exporter-prometheus,41,"{'days_since_release': 'The latest release for opentelemetry-exporter-prometheus is version 0.60b1, which was released on December 11, 2025 [6cdd6b]. From December 11, 2025, to the current date of January 21, 2026, is 41 days (20 days remaining in December + 21 days in January).'}"
69295579,pymupdf,41,"{'days_since_release': 'The latest release for pymupdf was version 1.26.7 on December 11, 2025 [e3f614]. Given the current date is January 21, 2026, the number of days since release is 41 (20 days remaining in December + 21 days in January).'}"
67730845,opentelemetry-util-http,41,"{'days_since_release': ""The last release of 'opentelemetry-util-http' was version 0.60b1 on December 11, 2025 [d695bf]. From December 11, 2025, to the current date of January 21, 2026, is 41 days (20 days in December + 21 days in January).""}"
61136924,opentelemetry-instrumentation-requests,41,"{'days_since_release': ""The last release of 'opentelemetry-instrumentation-requests' was version 0.60b1 on December 11, 2025 [f828db]. Given today's date is January 21, 2026, the number of days elapsed is 41 (20 days in December + 21 days in January).""}"
157976522,scikit-learn,42,"{'days_since_release': ""The last release of scikit-learn (version 1.8.0) on PyPI was on December 10, 2025 [79e163]. Given today's date of January 21, 2026, the number of days since release is 42 (21 days remaining in December + 21 days in January).""}"
120986644,matplotlib,42,"{'days_since_release': ""The last release for matplotlib was version 3.10.8, published on December 10, 2025 [1a0fab]. Given today's date of January 21, 2026, the number of days elapsed is 42 (21 days remaining in December 2025 and 21 days in January 2026).""}"
69388998,snowflake-sqlalchemy,42,"{'days_since_release': ""The package 'snowflake-sqlalchemy' last released version 1.8.2 on December 10, 2025, according to PyPI [e6e1e3]. Given the current date of January 21, 2026, the number of days since release is 42 (21 days in December and 21 days in January).""}"
250258451,sqlalchemy,43,"{'days_since_release': ""The latest release of SQLAlchemy (version 2.0.45) was on December 9, 2025, according to PyPI [8ff9d9]. Given today's date is January 21, 2026, the number of days since release is 43 (22 days in December + 21 days in January).""}"
150257952,networkx,44,{'days_since_release': 'The latest release for networkx (version 3.6.1) was on 2025-12-08 [d4fcbe]. Today is 2026-01-21. Days since release: (31 - 8) in Dec + 21 in Jan = 23 + 21 = 44.'}
101535683,orjson,46,"{'days_since_release': ""The last release of 'orjson' was version 3.11.5 on December 6, 2025, as found in search snippets from PyPI. Today's date is January 21, 2026. The number of days between December 6, 2025, and January 21, 2026, is 46 days (25 days in December and 21 days in January). Note: Document ID 245f3d failed to load, but the search snippet from pypi.org/project/orjson/ provided the exact release date.""}"
250405215,greenlet,48,"{'days_since_release': ""The latest release for 'greenlet' is version 3.3.0, which was released on Dec 4, 2025 [60af6e]. Calculating from Dec 4, 2025, to the current date of Jan 21, 2026: there are 27 days remaining in December (31-4) and 21 days in January, totaling 48 days.""}"
242047559,rpds-py,52,"{'days_since_release': ""The last release of `rpds-py` (v0.30.0) was on November 30, 2025, according to its PyPI page (https://pypi.org/project/rpds-py/) and version history on deps.dev (https://deps.dev/pypi/rpds-py/0.2.9/versions). Given today's date of January 21, 2026, the number of days since release is 52 (31 days in December + 21 days in January).""}"
207843496,beautifulsoup4,52,"{'days_since_release': 'The latest release of beautifulsoup4 (version 4.14.3) was on November 30, 2025 [6572a4]. From November 30, 2025, to January 21, 2026, there are 52 days (31 days in December + 21 days in January).'}"
150311411,hatchling,55,"{'days_since_release': ""The last release of 'hatchling' was version 1.28.0 on November 27, 2025 [b227ee]. Calculated from November 27, 2025, to the current date of January 21, 2026, the duration is 55 days (3 days in November + 31 days in December + 21 days in January).""}"
105690143,secretstorage,59,"{'days_since_release': ""The last release of 'secretstorage' (version 3.5.0) on PyPI was on November 23, 2025, according to the PyPI project page and GitHub changelog. Given today's date of January 21, 2026, the number of days is calculated as 7 days in November + 31 days in December + 21 days in January = 59 days.""}"
187275197,exceptiongroup,61,"{'days_since_release': 'The latest version of the exceptiongroup package is 1.3.1, released on November 21, 2025 [157c94]. As the current date is January 21, 2026, the number of days since release is 61 (9 days in November + 31 days in December + 21 days in January).'}"
76101784,opensearch-py,62,"{'days_since_release': ""Today is 2026-01-21. The latest release of 'opensearch-py' (version 3.1.0) was on November 20, 2025 [29ca33]. From Nov 20 to Nov 30 is 10 days. December has 31 days. January has 21 days. Total: 10 + 31 + 21 = 62 days.""}"
58944991,slack-sdk,62,"{'days_since_release': ""The package slack-sdk version 3.39.0 was released on November 20, 2025, according to PyPI and GitHub release notes. Today's date is January 21, 2026. The number of days between 2025-11-20 and 2026-01-21 is 62 days (10 days in Nov + 31 in Dec + 21 in Jan). Sources: https://pypi.org/project/slack-sdk/, https://github.com/slackapi/python-slack-sdk/releases.""}"
118687073,redis,63,"{'days_since_release': ""The latest version of the 'redis' package on PyPI is 7.1.0, released on November 19, 2025, according to its release history (https://pypi.org/project/redis/#history). Given today's date is January 21, 2026, the number of days since the last release is calculated as: 11 days remaining in November + 31 days in December + 21 days in January = 63 days.""}"
88261671,cfgv,63,"{'days_since_release': ""Today is 2026-01-21. The latest release of the 'cfgv' package on PyPI is version 3.5.0, which was released on November 19, 2025 [b5a254]. The number of days between 2025-11-19 and 2026-01-21 is 63 days (November: 11, December: 31, January: 21. Total: 63).""}"
73220759,asgiref,63,"{'days_since_release': 'The latest release for asgiref (version 3.11.0) was on November 19, 2025 [414858]. From November 19, 2025, to the current date of January 21, 2026, is 63 days (11 days remaining in November + 31 days in December + 21 days in January).'}"
117870346,google-resumable-media,65,"{'days_since_release': ""The package 'google-resumable-media' was last released on November 17, 2025 [797c5e]. Given today's date is January 21, 2026, the number of days since release is 65 (13 days remaining in Nov + 31 days in Dec + 21 days in Jan).""}"
115573260,keyring,66,"{'days_since_release': ""The last release of 'keyring' was version 25.7.0 on November 16, 2025 [6e4081]. From November 16, 2025, to the current date of January 21, 2026, is 66 days (14 days in November + 31 days in December + 21 days in January).""}"
98538671,ruamel-yaml-clib,66,"{'days_since_release': 'The latest release of ruamel.yaml.clib (version 0.2.15) occurred on November 16, 2025 [bb98b9]. Calculated from the current date of 2026-01-21, the duration is 66 days (14 days in November + 31 days in December + 21 days in January).'}"
78235705,asttokens,67,"{'days_since_release': ""The package 'asttokens' last released version 3.0.1 on November 15, 2025, according to PyPI [b8166d]. Given the current date of January 21, 2026, the number of days since release is 67 (15 days in November, 31 days in December, and 21 days in January).""}"
68386930,cachecontrol,68,"{'days_since_release': 'The latest release of CacheControl (version 0.14.4) was on November 14, 2025 [78b52c]. From November 14, 2025, to January 21, 2026, there are 68 days (16 remaining days in November + 31 days in December + 21 days in January).'}"
69734088,torch,70,"{'days_since_release': ""The last release of 'torch' on PyPI was version 2.9.1, released on November 12, 2025 [6ac591]. From November 12, 2025, to the current date of January 21, 2026, the number of days is 70 (18 days in November, 31 in December, and 21 in January).""}"
67248419,execnet,70,"{'days_since_release': ""The latest release of the 'execnet' package is version 2.1.2, which was released on 2025-11-12 according to the release history on PyPI [7dfa1c]. Calculating the days from 2025-11-12 to the current date of 2026-01-21: 18 days remaining in November + 31 days in December + 21 days in January = 70 days.""}"
122264782,annotated-doc,72,"{'days_since_release': ""The last release date for 'annotated-doc' was November 10, 2025 [5bd4b3]. Today's date is January 21, 2026. The number of days from Nov 10, 2025, to Jan 21, 2026, is 72 days (20 days in Nov + 31 days in Dec + 21 days in Jan).""}"
110119767,pydantic-settings,72,"{'days_since_release': 'The pydantic-settings package on PyPI shows the latest version 2.12.0 was released on November 10, 2025 (https://pypi.org/project/pydantic-settings/). From November 10, 2025 to January 21, 2026 is 72 days (20 days in November, 31 in December, and 21 in January).'}"
100383434,pytest-asyncio,72,"{'days_since_release': ""The PyPI release history and GitHub release notes for 'pytest-asyncio' show that version 1.3.0 was released on Nov 10, 2025 (https://pypi.org/project/pytest-asyncio/ and https://github.com/pytest-dev/pytest-asyncio/releases). Today's date is 2026-01-21. The number of days from Nov 10, 2025 to Jan 21, 2026 is calculated as: 20 days in Nov, 31 days in Dec, and 21 days in Jan, totaling 72 days.""}"
108465081,jiter,73,"{'days_since_release': ""The latest release of 'jiter' (version 0.12.0) was on November 9, 2025, as found on its PyPI project page [81f2bc]. From November 9, 2025, to the current date of January 21, 2026, it has been 73 days (21 days in Nov, 31 in Dec, and 21 in Jan).""}"
55560247,smart-open,74,"{'days_since_release': ""The latest release for 'smart-open' on PyPI is version 7.5.0, which was released on November 8, 2025 (https://pypi.org/project/smart-open/). Given today's date of January 21, 2026, the number of days elapsed is 74 (22 days in Nov + 31 days in Dec + 21 days in Jan).""}"
147266860,azure-identity,75,"{'days_since_release': ""The latest release of 'azure-identity' on PyPI (version 1.26.0b1) was on 2025-11-07 [fd1acb]. The current date is 2026-01-21. The number of days between these two dates is calculated as follows: November (23 days) + December (31) + January (21) = 75 days.""}"
263135250,googleapis-common-protos,76,"{'days_since_release': ""The latest version of the 'googleapis-common-protos' package on PyPI is 1.72.0, released on November 6, 2025, as seen in its release history (https://pypi.org/project/googleapis-common-protos/#history). Given today's date is January 21, 2026, the number of days since the last release is calculated as: 24 days remaining in November + 31 days in December + 21 days in January = 76 days.""}"
256837910,wrapt,76,"{'days_since_release': ""The latest release of 'wrapt' is version 2.0.1, which was released on November 6, 2025, according to PyPI. As of today's date (January 21, 2026), there are 24 remaining days in November, 31 in December, and 21 in January, totaling 76 days.""}"
69055217,aioitertools,76,"{'days_since_release': ""The package 'aioitertools' was last released on November 6, 2025 [cbc833]. Given today's date is January 21, 2026, the number of days since release is 76 (24 days remaining in Nov + 31 days in Dec + 21 days in Jan).""}"
120722905,cloudpickle,79,"{'days_since_release': ""The latest release of cloudpickle (version 3.1.2) was on November 3, 2025 [888515]. Given today's date of January 21, 2026, the number of days since release is 79 (27 days in November + 31 days in December + 21 days in January).""}"
71494942,markdown,79,"{'days_since_release': ""The 'Markdown' package last released version 3.10 on November 3, 2025 [56186e]. From November 3, 2025, to January 21, 2026, there are 27 days remaining in November, 31 days in December, and 21 days in January, totaling 79 days.""}"
57322851,lz4,79,"{'days_since_release': ""The last release of 'lz4' on PyPI was version 4.4.5, released on November 3, 2025 (https://pypi.org/project/lz4/). Given today's date of January 21, 2026, the number of days since release is 79 (27 days in November + 31 days in December + 21 days in January).""}"
98807038,rapidfuzz,81,"{'days_since_release': ""The latest version of RapidFuzz (3.14.3) was released on 2025-11-01 according to PyPI search results and third-party package mirrors. Given today's date is 2026-01-21, the number of days is 81. Calculation: (30 days in Nov) + (31 days in Dec) + (20 days in Jan) = 81.""}"
124573393,deprecated,83,"{'days_since_release': ""The 'Deprecated' package last release (version 1.3.1) was on October 30, 2025 [091f1d]. Given today's date of 2026-01-21, the number of days elapsed is calculated as: 1 day in Oct, 30 days in Nov, 31 days in Dec, and 21 days in Jan (1+30+31+21 = 83 days).""}"
128720148,google-cloud-core,84,"{'days_since_release': ""The last release of 'google-cloud-core' on PyPI was on October 29, 2025 [8c7029]. Given today's date is January 21, 2026, the number of days since release is 84 (2 days in Oct + 30 in Nov + 31 in Dec + 21 in Jan).""}"
273122629,python-dotenv,87,"{'days_since_release': ""The last release for the 'python-dotenv' package (version 1.2.1) occurred on October 26, 2025 [d6cbc2]. Given today's date of January 21, 2026, the number of days since the release is calculated as: 5 days remaining in October + 30 (Nov) + 31 (Dec) + 21 (Jan) = 87 days.""}"
85343974,hf-xet,89,"{'days_since_release': 'The latest version of hf-xet (1.2.0) was released on October 24, 2025 [e4edfb]. Calculating the days from October 24, 2025, to January 21, 2026: October (7 days), November (30 days), December (31 days), and January (21 days) totals 89 days.'}"
79835080,matplotlib-inline,90,"{'days_since_release': 'The last release of matplotlib-inline (version 0.2.1) was on October 23, 2025 [6a008b]. Calculating from that date to the current date of January 21, 2026: 8 days remaining in October, 30 days in November, 31 days in December, and 21 days in January, totaling 90 days.'}"
85415096,typedload,92,"{'days_since_release': ""The last release of typedload was on Oct 21, 2025 (Google snippet). Today's date is 2026-01-21. Calculating the difference: October 2025 (10 days) + November (30) + December (31) + January 2026 (21) = 92 days.""}"
74238903,sentry-sdk,93,"{'days_since_release': 'Today is 2026-01-21. The latest release for sentry-sdk on PyPI is version 3.0.0a7, released on Oct 20, 2025 [a4bd11]. From Oct 20, 2025 to Jan 21, 2026 is 93 days (11 days in Oct + 30 in Nov + 31 in Dec + 21 in Jan).'}"
57338045,google-cloud-memcache,93,"{'days_since_release': ""The last release of 'google-cloud-memcache' was on October 20, 2025, as found in search snippets from PyPI. Today's date is January 21, 2026. The number of days between October 20, 2025, and January 21, 2026, is 93 days (11 days in October + 30 days in November + 31 days in December + 21 days in January). Note: Document ID fbd8a4 failed to load, but the search snippet from pypi.org/project/google-cloud-memcache/ provided the release date.""}"
56124359,requests-file,93,"{'days_since_release': ""The package 'requests-file' last release (version 3.0.1) was on October 20, 2025, as found on PyPI [bc51a6]. From October 20, 2025, to the current date of January 21, 2026, is 93 days (11 in Oct + 30 in Nov + 31 in Dec + 21 in Jan).""}"
108455515,setuptools-scm,94,"{'days_since_release': ""The last release for setuptools-scm (version 9.2.2) was on 2025-10-19 [2365c3]. As of today's date, 2026-01-21, the number of days since that release is 94 (12 days in Oct + 30 in Nov + 31 in Dec + 21 in Jan).""}"
79657108,argcomplete,94,"{'days_since_release': ""According to the PyPI project page for 'argcomplete', the latest version (3.6.3) was released on Oct 19, 2025 (https://pypi.org/project/argcomplete/). Given today's date of January 21, 2026, the number of days since the last release is calculated as follows: 12 days in October (31-19), 30 days in November, 31 days in December, and 21 days in January, totaling 94 days.""}"
69447471,uvloop,97,"{'days_since_release': ""The latest release for 'uvloop' (version 0.22.1) was on October 16, 2025 [9b1887]. Today's date is January 21, 2026. October (15 remaining) + November (30) + December (31) + January (21) = 97 days.""}"
63053985,google-cloud-dataform,97,"{'days_since_release': ""The last release of `google-cloud-dataform` on PyPI is version 0.7.0. Search results indicate it was released on Oct 16, 2025. Today's date is 2026-01-21. The difference between Oct 16, 2025 and Jan 21, 2026 is 97 days (Oct: 15 days, Nov: 30 days, Dec: 31 days, Jan: 21 days). Some sources mention Oct 17, 2025, but the PyPI snippet explicitly says 'Oct 16'. Using Oct 16 for the calculation.""}"
57080190,jupyter-core,97,"{'days_since_release': ""The package 'jupyter-core' was last released on October 16, 2025 [50d5b5]. Given the current date of January 21, 2026, the number of days since this release is 97 days (15 days in Oct 2025 + 30 Nov + 31 Dec + 21 in Jan 2026).""}"
78323134,grpc-google-iam-v1,98,"{'days_since_release': ""The last release of 'grpc-google-iam-v1' on PyPI was version 0.14.3, released on October 15, 2025 [2833a1]. Given today's date is January 21, 2026, the number of days since release is 98 (16 days in Oct + 30 in Nov + 31 in Dec + 21 in Jan).""}"
73515930,watchfiles,99,"{'days_since_release': ""The latest release for 'watchfiles' on PyPI is version 1.1.1, which was released on October 14, 2025 (https://pypi.org/project/watchfiles/). Given today's date of January 21, 2026, the number of days elapsed is 99 (17 days in Oct + 30 days in Nov + 31 days in Dec + 21 days in Jan).""}"
236116015,referencing,100,"{'days_since_release': 'The package referencing was last released on October 13, 2025 [4339c4]. From October 13, 2025, to January 21, 2026, is 100 days (18 days in October + 30 in November + 31 in December + 21 in January).'}"
67410339,isort,102,"{'days_since_release': ""The latest release of 'isort' is version 7.0.0, which was released on October 11, 2025, according to PyPI and Open Source Insights (deps.dev). As of today's date (January 21, 2026), there are 20 remaining days in October, 30 in November, 31 in December, and 21 in January, totaling 102 days.""}"
167413208,psycopg2-binary,103,"{'days_since_release': ""The latest release for psycopg2-binary on PyPI is version 2.9.11, released on October 10, 2025 (https://pypi.org/project/psycopg2-binary/). Given today's date is January 21, 2026, the number of days elapsed is 103 days (21 days remaining in Oct + 30 in Nov + 31 in Dec + 21 in Jan).""}"
63329669,httptools,103,"{'days_since_release': ""The latest release of 'httptools' (version 0.7.1) was on October 10, 2025, according to PyPI records [2ec23b]. Calculating the days from October 10, 2025, to January 21, 2026: 21 days in October, 30 in November, 31 in December, and 21 in January equals 103 days.""}"
59155811,httpx-sse,103,"{'days_since_release': ""According to the PyPI project page, the latest version of httpx-sse (0.4.3) was released on Oct 10, 2025. Given today's date of Jan 21, 2026, the number of days since release is 103 (21 days in Oct + 30 in Nov + 31 in Dec + 21 in Jan). Source: https://pypi.org/project/httpx-sse/""}"
264868044,rich,104,"{'days_since_release': ""The package 'rich' had its last release (version 14.2.0) on October 9, 2025, as stated on PyPI (https://pypi.org/project/rich/). From October 9, 2025, to the current date of January 21, 2026, is 104 days (22 days in October + 30 in November + 31 in December + 21 in January).""}"
85263111,aiofiles,104,"{'days_since_release': ""The last release for 'aiofiles' was version 25.1.0 on October 9, 2025 [1189ea]. Calculating the days from October 9, 2025, to the current date of January 21, 2026: 22 days in October + 30 in November + 31 in December + 21 in January = 104 days.""}"
244331505,propcache,105,"{'days_since_release': ""The latest version of the 'propcache' package on PyPI is 0.4.1, which was released on October 8, 2025, according to the PyPI project page (https://pypi.org/project/propcache/). Given today's date of January 21, 2026, the number of days since release is 105 (23 days in October, 30 in November, 31 in December, and 21 in January).""}"
155461309,msgpack,105,"{'days_since_release': ""The latest release for 'msgpack' (version 1.1.2) was on October 8, 2025, according to its PyPI release history [c4ca86]. Calculating from October 8, 2025, to the current date of January 21, 2026: 23 days in October + 30 days in November + 31 days in December + 21 days in January equals 105 days.""}"
181267054,websocket-client,106,"{'days_since_release': ""The last release of the websocket-client package (version 1.9.0) was on October 7, 2025, according to PyPI (https://pypi.org/project/websocket-client/). Given today's date is January 21, 2026, the number of days elapsed is calculated as 24 days in October + 30 days in November + 31 days in December + 21 days in January = 106 days.""}"
56989726,cattrs,106,"{'days_since_release': ""The package 'cattrs' last release (version 25.3.0) was on October 7, 2025, as found on PyPI [6952dd]. From October 7, 2025, to the current date of January 21, 2026, is 106 days (24 in Oct + 30 in Nov + 31 in Dec + 21 in Jan).""}"
271529094,yarl,107,"{'days_since_release': ""The package 'yarl' last release on PyPI was version 1.22.0, which was released on October 6, 2025 [660b69, 88740c]. Today's date is January 21, 2026. The number of days between 2025-10-06 and 2026-01-21 is 107 days (25 days in October + 30 in November + 31 in December + 21 in January). Note: Although a changelog for 1.23.0 exists dated 2025-12-16, official documentation and PyPI history state that version 1.23.0 was never published to PyPI due to build issues [88740c].""}"
270770987,multidict,107,"{'days_since_release': ""The latest release of the 'multidict' package is version 6.7.0, which was released on October 6, 2025 [33e26d]. Given today's date is January 21, 2026, the number of days since the release is 107 days (25 days in October + 30 in November + 31 in December + 21 in January).""}"
254155264,frozenlist,107,"{'days_since_release': ""The latest release of 'frozenlist' (version 1.8.0) was on October 6, 2025, according to its PyPI history [409959]. From October 6, 2025, to January 21, 2026, it has been 107 days (25 days in Oct, 30 in Nov, 31 in Dec, and 21 in Jan).""}"
73767662,tiktoken,107,"{'days_since_release': ""The latest version of tiktoken on PyPI is 0.12.0, released on Oct 6, 2025 according to the project's PyPI page (https://pypi.org/project/tiktoken/). With today's date being Jan 21, 2026, the number of days since release is 107 (25 days in Oct + 30 in Nov + 31 in Dec + 21 in Jan).""}"
69242741,python-json-logger,107,"{'days_since_release': ""The package 'python-json-logger' had its last release (version 4.0.0) on October 6, 2025, according to the PyPI release history [c53b2b]. Given today's date of January 21, 2026, the number of days elapsed is 107 (25 days in October + 30 in November + 31 in December + 21 in January). Note: Some search snippets indicated October 5, 2025, but the document query confirmed October 6, 2025.""}"
311233499,typing-inspection,112,"{'days_since_release': 'The latest version of typing-inspection (0.4.2) was released on October 1, 2025, as found on PyPI [b9f42d]. Calculating the difference between the current date (January 21, 2026) and the release date (October 1, 2025): 30 days in October, 30 in November, 31 in December, and 21 in January equals 112 days.'}"
136120586,bcrypt,118,"{'days_since_release': ""The package 'bcrypt' was last released on September 25, 2025 (version 5.0.0), according to its PyPI page (https://pypi.org/project/bcrypt/). Given today's date of January 21, 2026, the number of days since release is 118 (5 days in September + 31 in October + 30 in November + 31 in December + 21 in January).""}"
64330832,shapely,119,"{'days_since_release': ""The last release of 'shapely' was version 2.1.2, published on September 24, 2025, according to the PyPI project page (https://pypi.org/project/shapely/). Given today's date of January 21, 2026, the number of days elapsed is calculated as follows: Sep (30-24=6), Oct (31), Nov (30), Dec (31), Jan (21). Total = 6 + 31 + 30 + 31 + 21 = 119 days.""}"
210282106,lxml,121,"{'days_since_release': ""The latest version of lxml (6.0.2) was released on PyPI on September 22, 2025 [a07176]. Given today's date of 2026-01-21, the number of days since release is calculated as follows: 8 days in September + 31 days in October + 30 days in November + 31 days in December + 21 days in January, totaling 121 days.""}"
139078919,wcwidth,121,"{'days_since_release': ""The latest release of 'wcwidth' (version 0.2.14) was on September 22, 2025, as found on PyPI [c45b30]. Given today's date of January 21, 2026, the number of days since the release is 121 (8 days in Sept + 31 in Oct + 30 in Nov + 31 in Dec + 21 in Jan).""}"
191979475,pyopenssl,126,"{'days_since_release': 'The latest release of pyOpenSSL (version 25.3.0) was on September 17, 2025, as recorded on PyPI [d08615]. Calculating the days from September 17, 2025, to January 21, 2026: 13 days in September, 31 in October, 30 in November, 31 in December, and 21 in January, totaling 126 days.'}"
90156375,xmltodict,126,"{'days_since_release': 'The latest release of xmltodict (version 1.0.2) was on September 17, 2025, according to PyPI (https://pypi.org/project/xmltodict/). Given the current date of January 21, 2026, the number of days elapsed is 126 days (13 days in Sep + 31 in Oct + 30 in Nov + 31 in Dec + 21 in Jan).'}"
56452816,pytest-mock,127,"{'days_since_release': 'The latest release of pytest-mock is version 3.15.1, released on September 16, 2025 (https://pypi.org/project/pytest-mock/). From September 16, 2025, to the current date of January 21, 2026, the number of days is 127 (14 days in September, 31 in October, 30 in November, 31 in December, and 21 in January).'}"
300390271,httpx,128,"{'days_since_release': ""The most recent release of 'httpx' on PyPI is version 1.0.0.dev3, published on September 15, 2025. Although version 0.28.1 was mentioned as a recent stable release [d5b739], the pre-release 1.0.0.dev3 is the most recent entry on the PyPI history page. From September 15, 2025, to January 21, 2026, is 128 days (15 in Sep + 31 in Oct + 30 in Nov + 31 in Dec + 21 in Jan).""}"
99471879,zstandard,129,"{'days_since_release': ""The package 'zstandard' was last released on PyPI as version 0.25.0 on September 14, 2025. Based on today's date of January 21, 2026, the number of days since release is 129 days (16 days in September + 31 in October + 30 in November + 31 in December + 21 in January). Sources: PyPI project page snippet showing version 0.25.0 released Sep 14, 2025; python-zstandard documentation release history.""}"
98328384,pytest-cov,134,"{'days_since_release': ""The package 'pytest-cov' had its last release (version 7.0.0) on September 9, 2025, according to PyPI [08fd6a]. Given today's date of January 21, 2026, the number of days since release is 134.""}"
96493403,pyzmq,135,"{'days_since_release': ""The latest release of 'pyzmq' on PyPI is version 27.1.0, which was released on September 8, 2025, as seen on the PyPI project page (https://pypi.org/project/pyzmq/). Given today's date of January 21, 2026, the number of days since this release is 135 days (22 days in Sep + 31 in Oct + 30 in Nov + 31 in Dec + 21 in Jan).""}"
231736650,jsonschema-specifications,136,"{'days_since_release': ""The package 'jsonschema-specifications' was last released on September 7, 2025, according to PyPI (https://pypi.org/project/jsonschema-specifications/). Given today's date is January 21, 2026, the number of days since release is 136 (23 days in Sep + 31 in Oct + 30 in Nov + 31 in Dec + 21 in Jan).""}"
134616818,dnspython,136,"{'days_since_release': ""The latest release for 'dnspython' (version 2.8.0) was on September 7, 2025 [09bea1]. From September 7, 2025, to the current date of January 21, 2026, the count is: September (23 days), October (31), November (30), December (31), and January (21), totaling 136 days.""}"
170618188,more-itertools,141,"{'days_since_release': ""According to the PyPI project page, the latest version of more-itertools (10.8.0) was released on Sep 2, 2025. Given today's date of Jan 21, 2026, the number of days since release is 141 (28 days in Sep + 31 in Oct + 30 in Nov + 31 in Dec + 21 in Jan). Source: https://pypi.org/project/more-itertools/""}"
79736073,executing,142,"{'days_since_release': ""The latest version of the 'executing' package (2.2.1) was released on September 1, 2025 (as seen in search snippets from PyPI). From September 1, 2025, to January 21, 2026: September (29 days), October (31 days), November (30 days), December (31 days), and January (21 days) totals 142 days. Note: The snippet also mentioned a version 2.2.0 released on Jan 22, 2025, but 2.2.1 on Sep 1, 2025, is more recent.""}"
114342320,prompt-toolkit,147,"{'days_since_release': 'The last release of prompt-toolkit (version 3.0.52) occurred on Aug 27, 2025 [7fc423]. As of today, Jan 21, 2026, the number of days since this release is 147 days (4 days in August, 30 in September, 31 in October, 30 in November, 31 in December, and 21 in January).'}"
84406413,email-validator,148,"{'days_since_release': ""The latest release of 'email-validator' (version 2.3.0) was on August 26, 2025 [2e814f]. Calculating from August 26, 2025, to January 21, 2026: 5 days in August, 30 in September, 31 in October, 30 in November, 31 in December, and 21 in January equals 148 days.""}"
71921754,pymysql,150,"{'days_since_release': ""The latest release of 'PyMySQL' on PyPI is version 1.1.2, released on August 24, 2025 (https://pypi.org/project/PyMySQL/). Calculated from today's date, January 21, 2026, there are 150 days since release (7 days in Aug + 30 in Sep + 31 in Oct + 30 in Nov + 31 in Dec + 21 in Jan).""}"
82709046,parso,151,"{'days_since_release': ""The latest release of 'parso' was version 0.8.5 on 2025-08-23 [3d2acc]. Given today's date of 2026-01-21, the number of days is 151 (Aug: 8, Sep: 30, Oct: 31, Nov: 30, Dec: 31, Jan: 21).""}"
58179894,h2,151,"{'days_since_release': ""The last release for the 'h2' package (version 4.3.0) occurred on August 23, 2025 [a5dfa0]. Given today's date of January 21, 2026, the number of days since the release is calculated as: 8 days remaining in August + 30 (Sep) + 31 (Oct) + 30 (Nov) + 31 (Dec) + 21 (Jan) = 151 days.""}"
179379213,flask,155,"{'days_since_release': ""The package 'flask' had its last release (version 3.1.2) on August 19, 2025 [009d80]. Calculating the days from August 19, 2025, to January 21, 2026: August (12 days), September (30), October (31), November (30), December (31), and January (21) equals 155 days.""}"
101004175,fastjsonschema,160,"{'days_since_release': ""The latest release of 'fastjsonschema' was on August 14, 2025, according to its PyPI project page. Given today's date is January 21, 2026, the number of days elapsed is 160 (17 days in August + 30 in September + 31 in October + 30 in November + 31 in December + 21 in January). Source: https://pypi.org/project/fastjsonschema/""}"
249569071,markdown-it-py,163,"{'days_since_release': ""The latest release of 'markdown-it-py' on PyPI (version 4.0.0) was on 2025-08-11 [3f2cc4]. The current date is 2026-01-21. The number of days between these two dates is calculated as follows: August (20 days) + September (30) + October (31) + November (30) + December (31) + January (21) = 163 days.""}"
108923591,kiwisolver,164,"{'days_since_release': 'The last release of kiwisolver was version 1.4.9, published on August 10, 2025 [ab4a08]. Given the current date of January 21, 2026, the number of days elapsed is 164 (21 days in August, 30 in September, 31 in October, 30 in November, 31 in December, and 21 in January).'}"
118464785,paramiko,170,"{'days_since_release': ""The latest release of the 'paramiko' package is version 4.0.0, which was released on August 4, 2025 [db0e96]. Given today's date of January 21, 2026, the number of days since this release is 170 (27 days in August, 30 in September, 31 in October, 30 in November, 31 in December, and 21 in January).""}"
60517961,datadog,174,"{'days_since_release': ""The last release of 'datadog' (version 0.52.1) was on July 31, 2025 [418378]. From July 31, 2025 to January 21, 2026, the count is: August (31), September (30), October (31), November (30), December (31), and January (21), totaling 174 days.""}"
95798084,contourpy,179,"{'days_since_release': ""The latest release of the 'contourpy' package is version 1.3.3, which was released on July 26, 2025 [003d93]. Given today's date of January 21, 2026, the number of days since this release is 179 (5 days in July, 31 in August, 30 in September, 31 in October, 30 in November, 31 in December, and 21 in January).""}"
73206366,docstring-parser,184,"{'days_since_release': ""The last release of docstring-parser (version 0.17.0) was on July 21, 2025 [9dc5cb]. Given today's date is January 21, 2026, the number of days elapsed is 184 days (10 days in July, 31 in August, 30 in September, 31 in October, 30 in November, 31 in December, and 21 in January).""}"
208013282,distlib,188,"{'days_since_release': ""The package 'distlib' last released version 0.4.0 on July 17, 2025, according to PyPI (https://pypi.org/project/distlib/). Calculated from July 17, 2025, to today's date of January 21, 2026: July has 14 days remaining, August (31), September (30), October (31), November (30), December (31), and January (21) = 14 + 31 + 30 + 31 + 30 + 31 + 21 = 188 days.""}"
245741562,aiosignal,202,"{'days_since_release': ""The latest release for 'aiosignal' (version 1.4.0) was on July 3, 2025, according to its PyPI release history [d177b9]. Calculating from July 3, 2025, to the current date of January 21, 2026: 28 days in July + 31 days in August + 30 days in September + 31 days in October + 30 days in November + 31 days in December + 21 days in January equals 202 days. While some monitors show July 4 (possibly due to time zones), the primary PyPI source cited identifies July 3.""}"
68904895,pytest-xdist,204,"{'days_since_release': ""The latest release of pytest-xdist (version 3.8.0) was on July 1, 2025 [819918]. Given today's date of January 21, 2026, the number of days since release is 204 (30 days in July + 31 days in August + 30 days in September + 31 days in October + 30 days in November + 31 days in December + 21 days in January).""}"
66946134,pycodestyle,215,"{'days_since_release': ""The last release of pycodestyle (version 2.14.0) was on 2025-06-20 [3d030c]. Today's date is 2026-01-21. Calculating the difference: June 2025 (10 days) + July (31) + August (31) + September (30) + October (31) + November (30) + December (31) + January 2026 (21) = 215 days.""}"
229363960,oauthlib,216,"{'days_since_release': 'According to the PyPI project page for oauthlib, the latest version 3.3.1 was released on June 19, 2025 (https://pypi.org/project/oauthlib/). From June 19, 2025 to January 21, 2026 is 216 days (11 days in June, 31 in July, 31 in August, 30 in September, 31 in October, 30 in November, 31 in December, and 21 in January).'}"
102907581,uritemplate,233,"{'days_since_release': ""The latest release of the 'uritemplate' package on PyPI was on June 2, 2025 [e3bc3d]. Given the current date of January 21, 2026, the number of days since this release is calculated as follows: June (28 days remaining), July (31), August (31), September (30), October (31), November (30), December (31), and January (21), totaling 233 days.""}"
69867395,durationpy,249,"{'days_since_release': ""The latest version of 'durationpy' was released on May 17, 2025, according to its PyPI project page (https://pypi.org/project/durationpy/). Today's date is January 21, 2026. The number of days between 2025-05-17 and 2026-01-21 is 249 days (14 days in May + 30 Jun + 31 Jul + 31 Aug + 30 Sep + 31 Oct + 30 Nov + 31 Dec + 21 Jan = 249).""}"
64670278,pycryptodome,249,"{'days_since_release': ""The latest release for pycryptodome on PyPI is version 3.23.0, released on May 17, 2025 (https://pypi.org/project/pycryptodome/). Given today's date is January 21, 2026, the number of days elapsed is 249 days (14 days remaining in May + 30 in Jun + 31 in Jul + 31 in Aug + 30 in Sep + 31 in Oct + 30 in Nov + 31 in Dec + 21 in Jan).""}"
89441873,sympy,269,"{'days_since_release': 'The last release for sympy was version 1.14.0 on 2025-04-27 [32aa88]. As of the current date 2026-01-21, the number of days since this release is 269 (248 days remaining in 2025 plus 21 days in 2026).'}"
295165411,httpcore,272,"{'days_since_release': 'The latest version of httpcore on PyPI is 1.0.9, which was released on April 24, 2025 [e598d4]. Calculating the days from April 24, 2025, to the current date of January 21, 2026: April (6 days), May (31), June (30), July (31), August (31), September (30), October (31), November (30), December (31), and January (21) equals 272 days.'}"
164201132,mypy-extensions,274,"{'days_since_release': ""The latest release of 'mypy-extensions' is version 1.1.0, which was released on April 22, 2025 [868dcd]. Today's date is January 21, 2026. The number of days between 2025-04-22 and 2026-01-21 is 274 days.""}"
60357402,pendulum,277,"{'days_since_release': ""The latest release of 'pendulum' (version 3.1.0) was on April 19, 2025, according to PyPI [e2bd29]. The number of days from April 19, 2025, to January 21, 2026, is calculated as follows: April (11), May (31), June (30), July (31), August (31), September (30), October (31), November (30), December (31), and January (21), totaling 277 days.""}"
89496810,mako,286,"{'days_since_release': 'The latest version of the Mako package (1.3.10) was released on April 10, 2025 [d4483e]. Given the current date of January 21, 2026, the number of days since release is 286 days (265 days in 2025 + 21 days in 2026).'}"
322227107,wheel,288,"{'days_since_release': ""Today is 2026-01-21. The latest release of the 'wheel' package on PyPI is version 0.46.1, which was released on April 8, 2025. Although it was noted as 'yanked' in some search results, it remains the most recent release entry in the history. The number of days between 2025-04-08 and 2026-01-21 is 288 days. (April: 22, May: 31, June: 30, July: 31, August: 31, September: 30, October: 31, November: 30, December: 31, January: 21. Total: 288). Note: A previous search result incorrectly identified the latest version as 0.45.1 from November 2024 [1d3cf5], but more recent results clearly show version 0.46.1 on 2025-04-08.""}"
189175233,tenacity,294,"{'days_since_release': ""The latest release of 'tenacity' (version 9.1.2) was on April 2, 2025 [25ae27]. Given today's date of 2026-01-21, the number of days since the release is calculated as follows: April (28) + May (31) + June (30) + July (31) + August (31) + September (30) + October (31) + November (30) + December (31) + January (21) = 294 days.""}"
306094687,pyasn1-modules,299,"{'days_since_release': 'The last release of pyasn1-modules was version 0.4.2, published on March 28, 2025 [ca031d]. Given the current date of January 21, 2026, the number of days elapsed is 299 (3 days in March, 30 in April, 31 in May, 30 in June, 31 in July, 31 in August, 30 in September, 31 in October, 30 in November, 31 in December, and 21 in January).'}"
102698008,msal-extensions,313,"{'days_since_release': ""The latest version of msal-extensions (1.3.1) was released on March 14, 2025 [6a525e]. Given today's date is January 21, 2026, the number of days is calculated as follows: March 14 to March 31 (17) + April (30) + May (31) + June (30) + July (31) + August (31) + September (30) + October (31) + November (30) + December (31) + January 1-21 (21) = 313 days.""}"
136164572,threadpoolctl,314,"{'days_since_release': 'The last release date for threadpoolctl on PyPI was March 13, 2025 [66aa04]. Given the current date is January 21, 2026, the number of days since release is 314 days (293 days remaining in 2025 + 21 days in 2026).'}"
217966208,aiohappyeyeballs,315,"{'days_since_release': ""The last release of 'aiohappyeyeballs' on PyPI is version 2.6.1, which was released on March 12, 2025 [b83a52]. Calculated the number of days from March 12, 2025, to the current date of January 21, 2026: 19 days in March + 30 (Apr) + 31 (May) + 30 (Jun) + 31 (Jul) + 31 (Aug) + 30 (Sep) + 31 (Oct) + 30 (Nov) + 31 (Dec) + 21 (Jan 2026) = 315 days.""}"
106328137,tzlocal,322,"{'days_since_release': ""The latest release of 'tzlocal' on PyPI is version 5.3.1, which was released on 2025-03-05 [fafb96]. Given today's date of 2026-01-21, the number of days elapsed is 322 (301 days in 2025 after March 5, plus 21 days in 2026).""}"
101907474,jeepney,328,"{'days_since_release': 'The latest version of the jeepney package (0.9.0) was released on February 27, 2025 [e6ed5f]. Given the current date of January 21, 2026, the number of days since release is 328 days (307 days in 2025 + 21 days in 2026).'}"
157460031,decorator,332,"{'days_since_release': ""The last release of the decorator package (version 5.2.1) was on February 23, 2025, according to PyPI (https://pypi.org/project/decorator/). Given today's date is January 21, 2026, the number of days elapsed is calculated as 5 days in February + 31 in March + 30 in April + 31 in May + 30 in June + 31 in July + 31 in August + 30 in September + 31 in October + 30 in November + 31 in December + 21 in January = 332 days.""}"
65857603,pkginfo,336,"{'days_since_release': ""The latest release of 'pkginfo' on PyPI is version 1.12.1.2, which was released on February 19, 2025, as stated on its PyPI project page (https://pypi.org/project/pkginfo/). With today's date being January 21, 2026, the number of days since release is 336 (9 days in February + 31 Mar + 30 Apr + 31 May + 30 Jun + 31 Jul + 31 Aug + 30 Sep + 31 Oct + 30 Nov + 31 Dec + 21 Jan).""}"
84497576,babel,354,"{'days_since_release': ""The last release of the 'babel' package was version 2.17.0, released on February 1, 2025, according to PyPI [06d522]. With today's date being January 21, 2026, the number of days elapsed is 354 (334 days remaining in 2025 after February 1, plus 20 days in January 2026).""}"
58177583,hyperframe,364,"{'days_since_release': 'The latest version of the hyperframe package is 6.1.0, released on January 22, 2025 [180f97]. Given the current date is January 21, 2026, and 2025 was not a leap year, the duration is exactly one day short of a full year (365 - 1 = 364 days).'}"
57816130,hpack,364,"{'days_since_release': ""The latest release for hpack is version 4.1.0, which was published on January 22, 2025 (according to multiple search snippets from pypi.org). Given today's date of 2026-01-21, there are 9 days remaining in January 2025 (31-22), 28 days in Feb, 31 in Mar, 30 in Apr, 31 in May, 30 in Jun, 31 in Jul, 31 in Aug, 30 in Sep, 31 in Oct, 30 in Nov, 31 in Dec, and 21 days in Jan 2026. Summing these: 9 + 28 + 31 + 30 + 31 + 30 + 31 + 31 + 30 + 31 + 30 + 31 + 21 = 364 days. Note: 2025 was not a leap year.""}"
95470304,py4j,371,"{'days_since_release': ""The latest release for the py4j package was on January 15, 2025 [3ff262]. Given today's date of January 21, 2026, the time elapsed is one year (365 days) plus 6 days, totaling 371 days.""}"
87833940,importlib-resources,383,"{'days_since_release': 'The last release of importlib-resources (version 6.5.2) was on January 3, 2025 [e3a0b4]. Calculating from that date to the current date of January 21, 2026: there are 365 days in a year (2025 was not a leap year) plus 18 days in January 2026, totaling 383 days.'}"
125060451,smmap,384,"{'days_since_release': ""The last release for smmap was version 5.0.2, published on January 2, 2025 [669612]. Given today's date of January 21, 2026, the number of days elapsed is 384 (365 days for the full year 2025 to Jan 2, 2026, plus 19 days in January 2026).""}"
122223726,gitdb,384,"{'days_since_release': ""The latest release of 'gitdb' (version 4.0.12) was on January 2, 2025 [cc1dce]. Calculating from January 2, 2025, to the current date of January 21, 2026: one full year (365 days) brings us to January 2, 2026, plus an additional 19 days to reach January 21, totaling 384 days. Note: search snippets mention Jan 1, 2025, but the detailed query of the release history page specifies January 2, 2025.""}"
310954268,pyjwt,419,"{'days_since_release': ""The package 'PyJWT' version 2.10.1 was released on November 28, 2024 [d474b8]. From November 28, 2024 to November 28, 2025 is 365 days. From November 28, 2025 to January 21, 2026 is 54 days (2 days in November, 31 in December, and 21 in January). Total days: 365 + 54 = 419 days.""}"
261333589,tqdm,423,"{'days_since_release': 'The latest version of tqdm on PyPI is 4.67.1, released on November 24, 2024 [97b934]. From November 24, 2024 to January 21, 2026, there are 423 days (6 days in Nov 2024, 31 in Dec 2024, 365 in 2025, and 21 in Jan 2026).'}"
82883732,jedi,436,"{'days_since_release': ""The latest release of the 'jedi' package is version 0.19.2, which was published on November 11, 2024 [8c059e]. Calculated from November 11, 2024, to the current date of January 21, 2026: 2024 (50 days) + 2025 (365 days) + 2026 (21 days) = 436 days.""}"
107997356,blinker,439,"{'days_since_release': ""The last release of 'blinker' (version 1.9.0) was on November 8, 2024 [740cea]. Given today's date of 2026-01-21, the number of days since release is 439 (22 days in November 2024 + 31 days in December 2024 + 365 days in 2025 + 21 days in January 2026).""}"
139910011,async-timeout,441,"{'days_since_release': ""The latest release of 'async-timeout' (version 5.0.1) was on November 6, 2024, as recorded on PyPI. From November 6, 2024, to November 6, 2025, is 365 days. From November 6, 2025, to January 21, 2026, is an additional 76 days (24 in November + 31 in December + 21 in January), totaling 441 days. Source: https://pypi.org/project/async-timeout/""}"
61888478,watchdog,446,"{'days_since_release': ""The latest release of 'watchdog' is version 6.0.0, released on November 1, 2024 [3049ad]. Calculating the days from November 1, 2024, to January 21, 2026: November 2024 (29 days), December 2024 (31 days), all of 2025 (365 days), and January 2026 (21 days) equals 446 days.""}"
211281696,et-xmlfile,453,"{'days_since_release': ""The last release of et-xmlfile (version 2.0.0) was on October 25, 2024 [5c88d8]. Given today's date of January 21, 2026, the number of days since the release is calculated as 453 days (67 days in 2024 + 365 days in 2025 + 21 days in 2026).""}"
61905661,jsonpath-ng,467,"{'days_since_release': ""The 'jsonpath-ng' package's latest version (1.7.0) was released on Oct 11, 2024 [67b7ac]. Calculating the days from Oct 11, 2024 to Jan 21, 2026: 81 days remaining in 2024 (20 in Oct, 30 in Nov, 31 in Dec), 365 days in 2025, and 21 days in 2026, totaling 467 days.""}"
103592206,aliyun-python-sdk-core,469,"{'days_since_release': ""The package 'aliyun-python-sdk-core' was last released on October 9, 2024 [ab02f0]. As of the current date, January 21, 2026, the number of days since the last release is 469 days (22 days in Oct 2024 + 30 Nov + 31 Dec + 365 in 2025 + 21 in Jan 2026).""}"
171942233,isodate,470,"{'days_since_release': ""The package 'isodate' last released version 0.7.2 on October 8, 2024, as seen on its PyPI page (https://pypi.org/project/isodate/). Given today's date of January 21, 2026, the number of days since release is calculated as follows: From Oct 8, 2024 to Oct 8, 2025 is 365 days. From Oct 8, 2025 to Jan 8, 2026 is 92 days (Oct: 23, Nov: 30, Dec: 31, Jan: 8). From Jan 8, 2026 to Jan 21, 2026 is 13 days. Total: 365 + 92 + 13 = 470 days.""}"
111966845,pyproject-hooks,479,"{'days_since_release': ""The last release of 'pyproject-hooks' was version 1.2.0, published on September 29, 2024, according to the PyPI project page (https://pypi.org/project/pyproject-hooks/). Given today's date of January 21, 2026, the number of days elapsed is calculated as follows: 365 days (to Sep 29, 2025) + 2 days (remainder of Sep: 1) + 31 (Oct) + 30 (Nov) + 31 (Dec) + 21 (Jan) = 480. Let's re-calculate precisely: Sep 29, 2024 to Sep 29, 2025 is 365 days. Oct 2025 (31), Nov 2025 (30), Dec 2025 (31), Jan 21 2026 (21). Sep has 30 days, so Sep 30 is 1 day. Total = 365 + 1 + 31 + 30 + 31 + 21 = 479 days.""}"
70869558,gunicorn,529,"{'days_since_release': ""The last release of the 'gunicorn' package was version 23.0.0 on August 10, 2024 [75d0a2]. Based on today's date of January 21, 2026, the number of days since this release is 529 (143 days remaining in 2024 + 365 days in 2025 + 21 days in 2026).""}"
72713084,pure-eval,549,"{'days_since_release': ""The package 'pure-eval' was last released (version 0.2.3) on July 21, 2024 [8b4ce4]. Given today's date of January 21, 2026, the number of days since release is 549 (365 days for one year plus 184 days from July 21, 2025 to Jan 21, 2026).""}"
63463128,requests-aws4auth,549,"{'days_since_release': ""The last release of 'requests-aws4auth' on PyPI was version 1.3.1, released on July 21, 2024 [09c2f0]. From July 21, 2024, to January 21, 2026, the number of days is 549 (365 days for the first year to July 21, 2025, plus 184 days from July 21, 2025, to January 21, 2026).""}"
210323205,openpyxl,572,"{'days_since_release': ""The last release of openpyxl (version 3.1.5) was on June 28, 2024 [89949b]. Given today's date of January 21, 2026, the number of days since the release is calculated as 572 days (186 days in 2024 + 365 days in 2025 + 21 days in 2026).""}"
106016630,jsonpointer,590,"{'days_since_release': 'The latest release for jsonpointer (version 3.0.0) was on 2024-06-10 [859a0a]. Today is 2026-01-21. Days from 2024-06-10 to 2025-06-10 is 365 days. Days from 2025-06-10 to 2026-01-21: June (20), July (31), Aug (31), Sept (30), Oct (31), Nov (30), Dec (31), Jan (21). Sum = 20+31+31+30+31+30+31+21 = 225. Total days = 365 + 225 = 590.'}"
55641025,dataclasses-json,591,"{'days_since_release': ""The latest release of 'dataclasses-json' on PyPI was on 2024-06-09 [45fd61]. From 2024-06-09 to 2025-06-09 is 365 days. From 2025-06-09 to the end of 2025 is 205 days (21 in June, 31 in July, 31 in Aug, 30 in Sept, 31 in Oct, 30 in Nov, 31 in Dec). Adding 21 days in Jan 2026 gives 365 + 205 + 21 = 591 days.""}"
94170796,docker,608,"{'days_since_release': ""The last release of the 'docker' package was version 7.1.0 on May 23, 2024 [a6e9f3]. Based on today's date of January 21, 2026, the number of days since this release is 608 (222 days remaining in 2024 + 365 days in 2025 + 21 days in 2026).""}"
84572362,traitlets,642,"{'days_since_release': ""Today is 2026-01-21. The latest release of 'traitlets' on PyPI is version 5.14.3, which was released on April 19, 2024. The number of days from 2024-04-19 to 2025-04-19 is 365 days. From 2025-04-19 to 2026-01-19 is 9 months (April to Jan). Specifically: April (11), May (31), June (30), July (31), Aug (31), Sept (30), Oct (31), Nov (30), Dec (31), Jan (21). Calculation: (365) + 11 + 31 + 30 + 31 + 31 + 30 + 31 + 30 + 31 + 21 = 642 days. Source: PyPI project page and version history for traitlets.""}"
119181513,itsdangerous,645,"{'days_since_release': ""The latest release of the 'itsdangerous' package is version 2.2.0, which was released on April 16, 2024 [854e53]. Given today's date is January 21, 2026, the number of days since the release is calculated as follows: 259 days remaining in 2024 (from April 17 to December 31), 365 days in 2025, and 21 days in January 2026, totaling 645 days.""}"
104970349,jaraco-classes,661,"{'days_since_release': 'The last release for jaraco.classes (version 3.4.0) was on 2024-03-31 [8b2260]. From 2024-03-31 to 2026-01-21, the duration is 275 days remaining in 2024 (April through December), 365 days in 2025, and 21 days in 2026, totaling 661 days.'}"
264489783,requests-oauthlib,670,"{'days_since_release': ""The latest release of 'requests-oauthlib' was version 2.0.0 on 2024-03-22 [09027f]. Given today's date of 2026-01-21, the number of days is 670 (365 days from 2024-03-22 to 2025-03-22, plus 305 days from 2025-03-22 to 2026-01-21).""}"
184319505,sniffio,696,"{'days_since_release': ""The last release of sniffio (version 1.3.1) was on February 25, 2024 [a4d77e]. Given today's date of January 21, 2026: 2024 (leap year) had 366 days, so there were 310 days from Feb 26 to Dec 31 (366 - 56 days passed before Feb 26). 2025 had 365 days. 2026 has 21 days so far. Total: 310 + 365 + 21 = 696 days.""}"
60102733,future,700,"{'days_since_release': ""The 'future' package version 1.0.0 was released on February 21, 2024 [d45fd2]. Given today's date is January 21, 2026, the number of days elapsed is 700. This includes 366 days for the leap year period (Feb 21, 2024 to Feb 21, 2025) and 334 days from Feb 21, 2025 to Jan 21, 2026.""}"
81873998,nest-asyncio,731,"{'days_since_release': ""The last release of 'nest-asyncio' was version 1.6.0 on January 21, 2024 [73faf4]. Calculated from January 21, 2024, to the current date of January 21, 2026, the duration is exactly 2 years. Since 2024 was a leap year and the period includes February 29, 2024, the first year (2024-2025) was 366 days and the second year (2025-2026) was 365 days, totaling 731 days.""}"
127407450,distro,759,"{'days_since_release': ""The package 'distro' was last released on PyPI as version 1.9.0 on December 24, 2023. Based on today's date of January 21, 2026, the number of days since release is 759 days (7 days in December 2023 + 366 days in 2024 [leap year] + 365 days in 2025 + 21 days in January 2026). Sources: PyPI version history snippet for 'distro' showing version 1.9.0 released Dec 24, 2023; Release-Monitoring.org confirms 1.9.0 on 2023-12-24. Note: Some GitHub release tags for 1.9.0 mention January 14, 2024, but the PyPI upload date is December 24, 2023.""}"
156804546,pexpect,788,"{'days_since_release': ""The latest version of pexpect (4.9.0) was released on PyPI on November 25, 2023 [e44fed]. Given today's date of 2026-01-21, the number of days since release is calculated as follows: 366 days (from 2023-11-25 to 2024-11-25, including the 2024 leap day) + 365 days (from 2024-11-25 to 2025-11-25) + 57 days (from 2025-11-25 to 2026-01-21), totaling 788 days.""}"
167132903,shellingham,821,"{'days_since_release': 'The latest release of shellingham is version 1.5.4, released on October 23, 2023 (https://pypi.org/project/shellingham/). From October 23, 2023, to the current date of January 21, 2026, the number of days is 821 (8 days in October 2023, 30 in November 2023, 31 in December 2023, 366 days in the leap year 2024, 365 days in 2025, and 21 days in January 2026).'}"
101092910,cycler,837,"{'days_since_release': ""The latest release of the 'cycler' package (version 0.12.1) was on Oct 7, 2023, as found on PyPI [149834]. Calculated from Oct 7, 2023, to the current date of Jan 21, 2026: 2023 (85 days) + 2024 (366 days, leap year) + 2025 (365 days) + 2026 (21 days) = 837 days.""}"
72812189,stack-data,844,"{'days_since_release': 'The last release date for stack-data on PyPI was September 30, 2023 [5e3111]. Given the current date is January 21, 2026, the number of days since release is 844 days (366 days for the leap year from Sept 30, 2023 to Sept 30, 2024 + 365 days to Sept 30, 2025 + 113 days to Jan 21, 2026).'}"
100166454,defusedxml,845,"{'days_since_release': ""According to PyPI-specific data found in search snippets and verified by multiple sources, the latest version of 'defusedxml' is 0.8.0rc2, which was released on September 29, 2023. This is more recent than the stable 0.7.1 version (released March 8, 2021). Today's date is January 21, 2026. The number of days from September 29, 2023, to January 21, 2026, is calculated as follows: 2023 (93 days remaining) + 2024 (366 days, leap year) + 2025 (365 days) + 2026 (21 days) = 845 days. Sources: pypi.org snippet, deps.dev snippet.""}"
119906952,chardet,904,"{'days_since_release': ""The package 'chardet' was last released on August 1, 2023, as found on PyPI (https://pypi.org/project/chardet/). Given today's date is January 21, 2026, the number of days since release is 904 (366 days for 2024 + 365 days for 2025 + 153 days for the remainder of 2023 + 20 days in 2026).""}"
83392785,editables,912,"{'days_since_release': ""The last release of editables was version 0.5 on July 24, 2023 [e60259]. Given today's date of January 21, 2026, the number of days since the release is calculated as 160 days remaining in 2023 (July 24 to Dec 31), 366 days in 2024 (a leap year), 365 days in 2025, and 21 days in January 2026. Total: 160 + 366 + 365 + 21 = 912 days.""}"
86333788,jsonpatch,950,"{'days_since_release': ""The package 'jsonpatch' version 1.33 was released on June 16, 2023, as verified by PyPI data [0df311]. Today's date is 2026-01-21. The calculation for the number of days is as follows: From June 16, 2023, to June 16, 2024, is 366 days (including the leap day in February 2024). From June 16, 2024, to June 16, 2025, is 365 days. From June 16, 2025, to January 21, 2026, is 219 days (June: 14, July: 31, Aug: 31, Sept: 30, Oct: 31, Nov: 30, Dec: 31, Jan: 21). Total = 366 + 365 + 219 = 950 days. [0df311]""}"
68706316,typing-inspect,973,"{'days_since_release': ""The package 'typing-inspect' version 0.9.0 was released on May 24, 2023, as indicated in search snippets from PyPI. Today's date is 2026-01-21. The calculation for the number of days is as follows: From May 24, 2023, to May 24, 2024, is 366 days (including the leap day in February 2024). From May 24, 2024, to May 24, 2025, is 365 days. From May 24, 2025, to January 21, 2026, is 242 days (May: 7, June: 30, July: 31, Aug: 31, Sept: 30, Oct: 31, Nov: 30, Dec: 31, Jan: 21). Total = 366 + 365 + 242 = 973 days.""}"
183521473,requests-toolbelt,996,"{'days_since_release': ""The last release of 'requests-toolbelt' on PyPI was version 1.0.0, released on May 1, 2023 [fb7dc4]. Calculated as the difference between today's date (2026-01-21) and the release date (2023-05-01), which is 996 days. (365 days for 2025, 366 days for 2024, and 265 days from May 1, 2023 to Jan 21, 2024).""}"
61091126,installer,1041,"{'days_since_release': ""The latest version of 'installer' (0.7.0) was released on Mar 17, 2023, as confirmed by PyPI [8f99aa]. Calculating from Mar 17, 2023 to Jan 21, 2026: 366 days (2023-2024, including leap day) + 365 days (2024-2025) + 310 days (Mar 17, 2025 to Jan 21, 2026) = 1041 days.""}"
289484640,colorama,1185,"{'days_since_release': ""The latest version of 'colorama' (0.4.6) was released on October 24, 2022, as shown on its PyPI release history (https://pypi.org/project/colorama/). Today's date is January 21, 2026. The number of days between 2022-10-24 and 2026-01-21 is 1,185 days (7 days in Oct 2022 + 30 Nov + 31 Dec + 365 days in 2023 + 366 days in 2024 (leap year) + 365 days in 2025 + 21 days in Jan 2026: 7+30+31+365+366+365+21 = 1185).""}"
124247466,tabulate,1203,"{'days_since_release': ""The package 'tabulate' last released version 0.9.0 on October 6, 2022, as shown on its PyPI page (https://pypi.org/project/tabulate/). Given today's date of January 21, 2026: From Oct 6, 2022 to Oct 6, 2023 is 365 days. From Oct 6, 2023 to Oct 6, 2024 is 366 days (2024 was a leap year). From Oct 6, 2024 to Oct 6, 2025 is 365 days. Total for 3 years: 365+366+365 = 1096 days. From Oct 6, 2025 to Jan 6, 2026: Oct: 25, Nov: 30, Dec: 31, Jan: 6 = 92 days. From Jan 6, 2026 to Jan 21, 2026: 15 days. Total: 1096 + 92 + 15 = 1203 days.""}"
107524693,backoff,1204,"{'days_since_release': ""The latest release of the 'backoff' package (version 2.2.1) was on Oct 5, 2022, as found on PyPI [b8aeed]. Calculated from Oct 5, 2022, to the current date of Jan 21, 2026: 2022 (26 + 30 + 31 = 87 days) + 2023 (365 days) + 2024 (366 days, leap year) + 2025 (365 days) + 2026 (21 days) = 1204 days.""}"
241764532,mdurl,1256,"{'days_since_release': ""The package 'mdurl' was last released on August 14, 2022, according to its PyPI project page (https://pypi.org/project/mdurl/). Given today's date is January 21, 2026, the number of days elapsed is 1,256 (calculated as the difference between 2022-08-14 and 2026-01-21).""}"
66214492,msrest,1318,"{'days_since_release': ""The latest release of 'msrest' on PyPI is version 0.7.1, which was released on June 13, 2022 [3cd321]. As of today, January 21, 2026, the number of days since that release is 1,318 days (2022-06-13 to 2026-01-21).""}"
134860429,asn1crypto,1408,"{'days_since_release': ""The last release of 'asn1crypto' on PyPI was version 1.5.1 on March 15, 2022 [20b0c6]. Given today's date of January 21, 2026, the number of days is calculated as follows: 2022-03-15 to 2023-03-15 (365 days), to 2024-03-15 (365 days), to 2025-03-15 (366 days, 2024 was a leap year), to 2026-01-15 (306 days: Mar(16)+Apr(30)+May(31)+Jun(30)+Jul(31)+Aug(31)+Sep(30)+Oct(31)+Nov(30)+Dec(31)+Jan(15)), plus 6 days to Jan 21. Calculation: 365 + 365 + 366 + 306 + 6 = 1408 days.""}"
61197423,azure-common,1448,"{'days_since_release': ""The package 'azure-common' was last released (version 1.1.28) on February 3, 2022 [46dd67]. Given today's date of January 21, 2026, the number of days since release is 1,448 (365 + 365 + 366 + 352). This accounts for the leap day in 2024.""}"
70378533,mccabe,1459,"{'days_since_release': ""The package 'mccabe' was last released on January 23, 2022, according to its PyPI project page (https://pypi.org/project/mccabe/). Given today's date is January 21, 2026, the number of days elapsed is 1,459 (365 days in 2022 from Jan 23, 365 days in 2023, 366 days in 2024 due to the leap year, and 363 days in 2025/2026 until Jan 21).""}"
160483013,sortedcontainers,1711,"{'days_since_release': ""The package 'sortedcontainers' had its last release (version 2.4.0) on May 16, 2021, as found on PyPI [289b8a]. Calculating from May 16, 2021, to January 21, 2026: 4 full years (including leap year 2024) is 1,461 days. From May 16, 2025, to January 21, 2026, is 250 days (May: 15, Jun: 30, Jul: 31, Aug: 31, Sep: 30, Oct: 31, Nov: 30, Dec: 31, Jan: 21). Total = 1,461 + 250 = 1,711 days.""}"
157128182,ptyprocess,1850,"{'days_since_release': 'The latest release of ptyprocess on PyPI (version 0.7.0) was on December 28, 2020 [244a01]. From December 28, 2020, to January 21, 2026: 2021 (365 days) + 2022 (365 days) + 2023 (365 days) + 2024 (leap year, 366 days) + 2025 (365 days) + days in Jan 2026 (21) + days in Dec 2020 (3 days: 29, 30, 31). Calculation: 3 + 365 + 365 + 365 + 366 + 365 + 21 = 1850 days.'}"
85242898,toml,1907,"{'days_since_release': ""The last release of the 'toml' package was version 0.10.2, published on November 1, 2020 [8eb68a]. Calculating the duration between November 1, 2020, and the current date of January 21, 2026, results in 1,907 days.""}"
76302538,ply,2897,"{'days_since_release': ""The package 'ply' was last released on February 15, 2018 [c952aa]. To calculate the days until January 21, 2026: 2018 (319 days from Feb 15), 2019-2025 (7 years * 365 = 2555 + 2 leap days in 2020/2024 = 2557 days), and 2026 (21 days). Total: 319 + 2557 + 21 = 2897 days.""}"
74477814,webencodings,3213,"{'days_since_release': ""The package 'webencodings' last released version 0.5.1 on April 5, 2017 [7405ee]. Calculating the days until January 21, 2026: From 2017-04-05 to the end of 2017 is 270 days. The years 2018 through 2025 inclusive consist of 6 common years (365 days) and 2 leap years (2020, 2024, each 366 days), totaling 2922 days. From 2026-01-01 to 2026-01-21 is 21 days. Total: 270 + 2922 + 21 = 3213 days.""}"
