"company","ticker","fair_value","price","mkt_cap","shares","CEO"
"3M","MMM","39.18","101.74","61.70678828","606514530","William M. Brown"
"A. O. Smith","AOS","6.59","32.38","4.904416495","151464376","Stephen Shafer"
"Abbott Laboratories","ABT","119.19","34.87","51.22933139","1469152033","Robert B. Ford"
"AbbVie","ABBV","180.95","38.06","61.55666858","1617358607","Robert A. Michael"
"Accenture","ACN","107.79","97.84","79.53540176","812912937","Julie Sweet"
"Adobe Inc.","ADBE","105.7","93.8","46.91965551","500209547","Shantanu Narayen"
"Advanced Micro Devices","AMD","38.15","2.85","2.26005","793000000","Dr. Lisa Su"
"AES Corporation","AES","7.94","8.22","5.416960765","658997660","Andrés Gluski"
"Aflac","AFL","57.51","25.14","20.87640684","830406000","Dan Amos"
"Agilent Technologies","A","17.72","36.87","12.08488289","327770081","Padraig McDonnell"
"Air Products","APD","32.58","114.34","24.70672304","216081188","Eduardo F. Menezes"
"Akamai Technologies","AKAM","9.73","55.57","9.783110559","176050217","Dr. F. Thomson Leighton"
"Albemarle Corporation","ALB","6.65","56.12","6.30210764","112297000","J. Kent Masters"
"Alexandria Real Estate Equities","ARE","9.23","65.64","4.78341864","72873532","Peter M. Moglia"
"Align Technology","ALGN","7.79","72.69","5.82792075","80175000","Joseph M. Hogan"
"Allegion","ALLE","6.43","56.82","5.460254268","96097400","John H. Stone"
"Alliant Energy","LNT","7.28","27.36","6.214148263","227125302","Lisa M. Barton"
"Allstate","ALL","27.13","54.37","20.38875","375000000","Thomas J. Wilson (Tom Wilson)"
"Alphabet Inc.","GOOGL","1428.66","36.99","508.0887216","13735840000","Sundar Pichai"
"Altria","MO","110.4","32.94","64.49427399","1957931815","Billy Gifford (William F. Gifford, Jr.)"
"Amazon","AMZN","333.87","29.68","280.1792","9440000000","Andy Jassy"
"Ameren","AEE","12.14","37.61","9.124186","242600000","Martin J. Lyons Jr."
"American Electric Power","AEP","29.23","47.09","0.635691455","13499500","William J. ""Bill"" Fehrman"
"American Express","AXP","115.08","53.43","50.81193","951000000","Stephen J. Squeri"
"American International Group","AIG","16.72","42.68","48.25991316","1130738359","Peter Zaffino"
"American Tower","AMT","27.89","80.9","34.3471471","424563005","Steven Vondran"
"American Water Works","AWK","11.63","57.13","10.36384544","181408112","John Griffith"
"Ameriprise Financial","AMP","46.5","76.73","12.96512979","168970804","James M. Cracchiolo"
"Ametek","AME","13.92","46.87","11.03967576","235538207","David A. Zapico"
"Amgen","AMGN","86.13","112.22","84.310886","751300000","Robert A. Bradway"
"Amphenol","APH","30.7","13.14","16.19048133","1232152308","R. Adam Norwitt"
"Analog Devices","ADI","28.63","49.12","15.22813927","310019122","Vincent Roche"
"APA Corporation","APA","13.54","38.42","14.524073","378034175","John J. Christmann IV"
"Apollo Global Management","APO","46.58","11.37","2.085271542","183401191","Marc Rowan"
"Apple Inc.","AAPL","1593.98","24.71","541.4896026","21913784000","Tim Cook"
"Applied Materials","AMAT","122.01","18.96","21.43853802","1130724579","Gary E. Dickerson"
"Aptiv","APTV","22.06","59.22","16.20470325","273635651","Kevin P. Clark"
"Arch Capital Group","ACGL","69.23","22.54","8.254926329","366234531","Nicolas Papadopoulo"
"Archer Daniels Midland","ADM","42.51","27.19","15.96053","587000000","Juan R. Luciano"
"Arista Networks","ANET","31.25","3.94","4.32177024","1096896000","Jayshree Ullal"
"Arthur J. Gallagher & Co.","AJG","13.37","37.92","6.715632","177100000","J. Patrick Gallagher, Jr."
"Assurant","AIZ","8.72","63.67","3.98850827","62643447","Keith W. Demmings"
"AT&T","T","77.42","16.62","107.9473275","6495025720","John Stankey"
"Atmos Energy","ATO","7.37","58.97","6.02729451","102209505","Kevin Akers"
"Autodesk","ADSK","17.69","58.31","13.084764","224400000","Andrew Anagnost"
"Automatic Data Processing","ADP","58.52","73.18","33.377398","456100000","Maria Black"
"AutoZone","AZO","45.04","796.69","23.78828067","29858892","Philip B. Daniele, III"
"AvalonBay Communities","AVB","16.35","138.63","19.01478289","137162107","Benjamin W. Schall"
"Avery Dennison","AVY","9.91","60.41","5.434948576","89967697","Deon Stander"
"Axon Enterprise","AXON","5.52","19.63","1.047380557","53356116","Rick Smith"
"Ball Corporation","BALL","19.07","32.17","9.117845175","283426956","Ronald J. Lewis"
"Bank of America","BAC","317.72","10.96","113.0267564","10312660252","Brian Moynihan"
"Baxter International","BAX","5.38","35.07","19.18391074","547017700","Andrew Hider"
"Becton Dickinson","BDX","22.97","128.72","27.99750799","217507054","Tom Polen"
"Berkshire Hathaway","BRK.B","470.08","7.75","0.1117255345","14416198","Greg Abel"
"Best Buy","BBY","22.64","23.32","7.55568","324000000","Corie Barry"
"Bio-Techne","TECH","2.77","22.21","3.304517604","148785124","Kim Kelderman"
"Biogen","BIIB","36.06","260.32","56.905952","218600000","Christopher A. Viehbacher"
"BlackRock","BLK","105.89","268.69","43.95425041","163587221","Laurence Douglas Fink (known as Larry Fink)"
"Block, Inc.","XYZ","30.09","15.28","5.122932338","335270441","Jack Dorsey"
"BNY Mellon","BK","23.54","28.66","30.86918823","1077082632","Robin Vince"
"Boeing","BA","9.32","114.84","76.94092018","669983631","Kelly Ortberg"
"Booking Holdings","BKNG","41.43","1270.66","64.42448616","50701593","Glenn Fogel"
"Boston Scientific","BSX","12.6","18.81","25.47941445","1354567488","Michael F. Mahoney"
"Bristol Myers Squibb","BMY","59.05","46.15","77.03853065","1669307273","Chris Boerner"
"Broadcom","AVGO","248.07","12.04","46.956","3900000000","Hock E. Tan"
"Broadridge Financial Solutions","BR","10.07","50.43","5.925525","117500000","Tim Gokey"
"Brown & Brown","BRO","12.51","16.44","4.60888824","280346000","J. Powell Brown"
"Builders FirstSource","BLDR","26.38","11.27","1.24098478","110114000","Peter Jackson"
"Bunge Global","BG","15.78","42.25","5.902489944","139703904","Gregory A. Heckman"
"BXP, Inc.","BXP","7.35","86.68","13.31447845","153604966","Owen D. Thomas"
"C.H. Robinson","CHRW","8.56","59.23","8.47172613","143031000","Dave Bozeman"
"Cadence Design Systems","CDNS","19.5","23.58","7.29546336","309392000","Dr. Anirudh Devgan"
"Camden Property Trust","CPT","6.57","58.13","5.05731","87000000","Richard J. Campo (also known as Ric Campo)"
"Capital One","COF","78.62","58.29","29.98899507","514479243","Richard D. Fairbank"
"Cardinal Health","CAH","3.38","62.12","20.45791344","329328935","Jason Hollar"
"CarMax","KMX","11.39","51.1","9.904670485","193829168","David W. McCreight (Interim President and Chief Executive Officer)"
"Carnival","CCL","1.3","46.35","26.05504712","562136939","Josh Weinstein"
"Caterpillar Inc.","CAT","104.86","60.69","35.43499419","583868746","Joseph E. Creed"
"Cboe Global Markets","CBOE","9.57","57.31","4.673670789","81550703","Craig S. Donohue"
"CBRE Group","CBRE","15.54","28.82","9.663130225","335292513","Bob Sulentic"
"CDW Corporation","CDW","13.23","37.01","6.125155","165500000","Christine A. Leahy"
"Cencora","COR","23.74","64.7","14.49288256","224001276","Robert P. Mauch"
"Centene Corporation","CNC","54.16","30.79","10.49627676","340898888","Sarah M. London"
"CenterPoint Energy","CNP","8.86","15.24","6.562571076","430614900","Jason P. Wells"
"CF Industries","CF","17.47","23.86","5.561349786","233082556","Chris Bohn"
"Charles River Laboratories","CRL","4.38","75.94","3.57783716","47114000","James C. Foster"
"Charles Schwab Corporation","SCHW","80.3","24.78","36.87264","1488000000","Rick Wurster"
"Charter Communications","CHTR","65.68","202.43","22.76691667","112468096","Christopher L. Winfrey"
"Chevron Corporation","CVX","183.03","62.98","118.6985563","1884702387","Mike Wirth (Michael K. Wirth)"
"Chipotle Mexican Grill","CMG","14.73","9.42","16.85709","1789500000","Scott Boatwright"
"Chubb Limited","CB","113.41","99.77","46.32156679","464283520","Evan G. Greenberg"
"Church & Dwight","CHD","9.66","40.6","10.53368786","259450440","Richard Dierker"
"Cigna","CI","97.42","125.43","32.08076826","255766310","David Cordani"
"Cincinnati Financial","CINF","13.74","50.72","8.338368","164400000","Stephen M. Spray"
"Cintas","CTAS","23.11","20.3","8.688659921","428012804","Todd M. Schneider"
"Cisco","CSCO","162.47","21.08","106.0771156","5032121234","Chuck Robbins"
"Citigroup","C","176.46","31.19","91.54043975","2934929136","Jane Fraser"
"Clorox","CLX","8.03","95.51","12.34912333","129296653","Linda Rendle"
"CME Group","CME","48.11","67.12","22.63413928","337219000","Terrence A. Duffy"
"CMS Energy","CMS","9.62","31.61","8.825512","279200000","Garrick J. Rochow"
"Coca-Cola Company (The)","KO","147.53","34.13","147.7657592","4329497778","James Quincey"
"Cognizant","CTSH","30.34","55.57","33.686534","606200000","Ravi Kumar S"
"Colgate-Palmolive","CL","19.94","56.22","50.20545459","893017691","Noel Wallace"
"Comcast","CMCSA","174.01","24.22","117.5733545","4854391186","Brian L. Roberts (Chairman and Co-CEO) and Michael J. Cavanagh (Co-CEO)"
"Conagra Brands","CAG","11.84","24.15","10.53942022","436414916","Sean Connolly"
"ConocoPhillips","COP","67.51","29.81","36.91632291","1238387216","Ryan Lance"
"Consolidated Edison","ED","20.28","53.91","11.84736942","219762000","Tim Cawley"
"Constellation Brands","STZ","6.52","130.63","25.0117436","191470134","Bill Newlands"
"Cooper Companies (The)","COO","3.35","38.43","7.438668824","193564112","Albert G. White III"
"Copart","CPRT","14.45","5.1","4.569639086","896007664","Jeff Liaw"
"Corning Inc.","GLW","16.1","16.12","19.06970974","1182984475","Wendell P. Weeks"
"CoStar Group","CSGP","3.87","18.82","6.1181938","325090000","Andy Florance"
"Costco","COST","98.82","133.07","58.42239477","439035055","Ron Vachris"
"Crown Castle","CCI","5.71","58.43","19.72361432","337559718","Christian Hillabrant"
"CSX Corporation","CSX","52.25","7.46","21.3923053","2867601246","Steve Angel"
"Cummins","CMI","31.78","84.7","14.76497151","174320797","Jennifer Rumsey"
"CVS Health","CVS","100.32","77.31","83.57211","1081000000","David Joyner"
"Danaher Corporation","DHR","74.57","61.13","42.00575587","687154521","Rainer M. Blair"
"Darden Restaurants","DRI","13.86","50.1","6.348958021","126725709","Rick Cardenas"
"DaVita","DVA","12.14","73.38","15.1451019","206392776","Javier J. Rodriguez"
"Deckers Brands","DECK","10.39","9.98","1.9173576","192120000","Stefano Caroti"
"Deere & Company","DE","86.74","65.96","20.79888805","315325774","John C. May"
"Delta Air Lines","DAL","13.15","43.18","33.31688658","771581440","Ed Bastian"
"Devon Energy","DVN","24.75","19.42","10.17608","524000000","Clay Gaspar"
"Dexcom","DXCM","11.48","16.98","5.664528","333600000","Jake Leach"
"Diamondback Energy","FANG","43.71","59.64","4.276053333","71697742","Kaes Van't Hof"
"Digital Realty","DLR","0.11","1.19","0.07887868114","66284606","Andrew P. Power (also known as Andy Power)"
"Dollar General","DG","34.7","75.53","21.65399782","286694000","Todd Vasos"
"Dollar Tree","DLTR","5.76","82.46","16.96695839","205759864","Michael C. Creedon Jr."
"Dominion Energy","D","21.45","49.83","29.74851","597000000","Robert M. Blue"
"Domino's","DPZ","9.94","118.86","5.956174324","50110839","Russell Weiner"
"Dover Corporation","DOV","18.3","44.11","8.462392916","191847493","Richard J. Tobin"
"D. R. Horton","DHI","74.37","27.12","33.43177811","1232735181","Paul J. Romanowski"
"DTE Energy","DTE","11.05","56.43","11.89750934","210836600","Joi Harris"
"Duke Energy","DUK","45.31","54.08","37.26112","689000000","Harry Sideris"
"DuPont","DD","24.91","46.05","28.36451841","615950454","Lori Koch"
"Eastman Chemical Company","EMN","10.81","53.36","7.888562844","147836635","Mark J. Costa"
"Eaton Corporation","ETN","38.84","49.39","22.62062","458000000","Paulo Ruiz"
"eBay Inc.","EBAY","27.01","21.24","24.27732","1143000000","Jamie Iannone"
"Ecolab","ECL","15.45","100.57","29.76872","296000000","Christophe Beck"
"Edison International","EIX","15.33","48.6","15.83442461","325811206","Pedro J. Pizarro"
"Edwards Lifesciences","EW","28.42","29.4","18.68958","635700000","Bernard J. Zovighian"
"Electronic Arts","EA","18.84","64.27","19.34527","301000000","Andrew Wilson"
"Elevance Health","ELV","99.6","122.29","32.14281562","262840916","Gail K. Boudreaux"
"Emcor","EME","9.55","46.68","2.832592581","60681075","Anthony J. Guzzi"
"Emerson Electric","EMR","62.99","42.34","27.23567675","643261142","Lal Karsanbhai"
"EOG Resources","EOG","43.74","53.58","29.46275204","549883390","Ezra Y. Yacob"
"EPAM Systems","EPAM","5.52","74.67","3.774092852","50543630","Balazs Fejes"
"EQT Corporation","EQT","6.8","33.71","9.94482681","295011178","Toby Z. Rice"
"Equifax","EFX","8.07","104.29","12.41051","119000000","Mark W. Begor"
"Equinix","EQIX","12.29","274.18","19.03575149","69427936","Adaire Fox-Martin"
"Equity Residential","EQR","13.91","51.1","18.67684657","365496019","Mark J. Parrell"
"Erie Indemnity","ERIE","6.64","74.87","3.458365841","46191610","Timothy G. NeCastro"
"Essex Property Trust","ESS","7.82","171.75","11.23704019","65426726","Angela L. Kleiman"
"Estée Lauder Companies (The)","EL","18.56","83.3","12.21667279","146658737","Stéphane de La Faverie"
"Everest Group","EG","21.58","158.05","6.701267211","42399666","Jim Williamson (James Allan Williamson)"
"Eversource Energy","ES","8.26","42.18","13.37979278","317207036","Joseph R. Nolan Jr."
"Exelon","EXC","17.78","17.99","22.3798151","1244014180","Calvin Butler"
"Expedia Group","EXPE","4.86","102.65","1.31392","12800000","Ariane Gorin"
"Expeditors International","EXPD","14.35","43.04","7.81442848","181562000","Daniel R. Wall"
"Extra Space Storage","EXR","18.44","65.71","8.22224788","125129324","Joseph D. Margolis"
"ExxonMobil","XOM","280.58","54.4","225.5756575","4146611352","Darren Woods"
"F5, Inc.","FFIV","7.56","105.85","7.08993885","66981000","François Locoh-Donou"
"FactSet","FDS","8.16","137.02","5.601385684","40880059","Sanoke Viswanathan"
"Fair Isaac","FICO","7.89","106.02","3.30347718","31159000","William J. Lansing"
"Fastenal","FAST","17.89","9.47","10.94249216","1155490196","Daniel L. Florness"
"Federal Realty Investment Trust","FRT","3.83","108.71","7.703328553","70861269","Donald C. Wood"
"FedEx","FDX","55.1","140.31","37.66253805","268423762","Raj Subramaniam (Rajesh Subramaniam)"
"Fidelity National Information Services","FIS","2.15","53.78","15.17422265","282153638","Stephanie Ferris"
"Fifth Third Bancorp","FITB","36.11","11.97","9.222535093","770470768","Timothy N. Spence"
"First Solar","FSLR","5.22","68.47","6.998935409","102219007","Mark Widmar"
"FirstEnergy","FE","13.17","23.97","10.18035697","424712431","Brian X. Tierney"
"Fiserv","FI","71.77","51.29","22.86890834","445874602","Mike Lyons"
"Ford Motor Company","F","31.94","8.48","33.65712","3969000000","Jim Farley"
"Fortinet","FTNT","28.64","6.13","5.2591722","857940000","Ken Xie"
"Franklin Resources","BEN","17.55","24.56","14.39545674","586134232","Jennifer M. Johnson"
"Freeport-McMoRan","FCX","25.17","9.44","11.81746211","1251849800","Kathleen L. Quirk"
"Garmin","GRMN","20.71","30.84","5.83471212","189193000","Clifton Pemble"
"Gartner","IT","13.52","89.35","13.95954498","156234415","Eugene A. Hall"
"GE Aerospace","GE","45.37","135.93","250.7888906","1844985585","H. Lawrence Culp, Jr."
"Gen Digital","GEN","21.85","9.05","5.902613824","652222522","Vincent Pilette"
"Generac","GNRC","5.07","37.24","2.471505181","66366949","Aaron Jagdfeld"
"General Dynamics","GD","53.68","106.09","33.20482022","312987277","Phebe N. Novakovic"
"General Mills","GIS","41.19","44.9","26.68862906","594401538","Jeff Harmening"
"General Motors","GM","112.6","25.65","38.475","1500000000","Mary Barra"
"Genuine Parts Company","GPC","13.19","75.66","11.32048405","149623104","Will Stengel (William P. Stengel, II)"
"Gilead Sciences","GILD","86.51","65.3","88.0244","1348000000","Daniel O'Day"
"Globe Life","GL","13.75","50.07","6.071717971","121264589","J. Matthew Darden and Frank M. Svoboda (Co-Chairmen and Co-Chief Executive Officers)"
"GoDaddy","GDDY","13.03","32.33","5.1136361","158170000","Aman Bhutani"
"Goldman Sachs","GS","210.5","128.51","53.66220394","417572204","David Solomon"
"Halliburton","HAL","13.26","29.57","25.31192","856000000","Jeff Miller"
"Hartford (The)","HIG","39.34","37.33","14.76785999","395603000","Christopher J. Swift"
"Hasbro","HAS","1.91","57.79","7.201995186","124623554","Chris Cocks"
"HCA Healthcare","HCA","82.61","72.55","28.5593075","393650000","Samuel N. Hazen"
"Healthpeak Properties","DOC","5.23","19.61","2.125318544","108379324","Scott M. Brinker"
"Henry Schein","HSIC","6.53","67.7","-","-","Frederick M. Lowery (effective March 2, 2026)"
"Hershey Company (The)","HSY","27.36","73.02","31.72529148","434474000","Kirk Tanner"
"Hewlett Packard Enterprise","HPE","21.32","7.96","13.66385013","1716564087","Antonio Neri"
"Hilton Worldwide","HLT","8.69","45.33","14.91357","329000000","Christopher J. Nassetta"
"Hologic","HOLX","10.08","34.5","9.79172307","283818060","Stephen P. MacMillan"
"Home Depot (The)","HD","312.8","105.71","132.34892","1252000000","Ted Decker"
"Honeywell","HON","81.44","82.72","69.78748315","843659129","Vimal Kapur"
"Hormel Foods","HRL","11.26","34.04","18.03839197","529917508","Jeffrey M. Ettinger"
"Host Hotels & Resorts","HST","3.27","11.62","8.670844","746200000","James F. Risoleo"
"HP Inc.","HPQ","51.99","9.06","15.7366412","1736936115","Enrique Lores"
"Hubbell Incorporated","HUBB","6.65","86.31","4.988718","57800000","Gerben W. Bakker"
"Humana","HUM","48.14","169.71","25.29301055","149036654","Jim Rechtin"
"Huntington Bancshares","HBAN","28.44","6.43","5.122710765","796689077","Stephen D. Steinour"
"Huntington Ingalls Industries","HII","9.94","113.63","5.351973","47100000","Christopher D. Kastner"
"IBM","IBM","93.27","95.54","95.93363407","1004120097","Arvind Krishna"
"IDEX Corporation","IEX","6.56","73.26","5.562587624","75929397","Eric D. Ashleman"
"Idexx Laboratories","IDXX","8.48","78.32","7.124264609","90963542","Jonathan Mazelsky (current President and Chief Executive Officer as of January 14, 2026). Note: Michael Erickson has been announced as his successor, effective May 12, 2026, at which point Mazelsky will transition to Executive Chair."
"Illinois Tool Works","ITW","45.28","82.04","29.4827436","359370351","Christopher A. O'Herlihy"
"Incyte","INCY","6","72.47","13.58103229","187402129","Bill Meury"
"Insulet Corporation","PODD","3.34","33.16","1.893849903","57112482","Ashley McEvoy"
"Intel","INTC","78.57","25.8","121.905","4725000000","Lip-Bu Tan"
"Interactive Brokers","IBKR","13.04","9.18","2.349681808","255956624","Milan Galik"
"Intercontinental Exchange","ICE","38.28","41.67","24.79365","595000000","Jeffrey Sprecher"
"International Flavors & Fragrances","IFF","1.51","100.17","7.991338119","79777759","J. Erik Fyrwald"
"International Paper","IP","13.4","25.7","12.18278688","474038400","Andrew ""Andy"" Silvernail"
"Interpublic Group of Companies (The)","IPG","11.84","15.85","6.39072","403200000","Philippe Krakowsky"
"Intuit","INTU","53.22","96.47","24.77554348","256821224","Sasan Goodarzi"
"Intuitive Surgical","ISRG","24.42","66.78","22.898862","342900000","Dave Rosa (David J. Rosa)"
"Invesco","IVZ","8.6","19.36","8.078274871","417266264","Andrew R. Schlossberg"
"IQVIA","IQV","18.04","65.1","7.7878479","119629000","Ari Bousbib"
"Iron Mountain","IRM","5.42","19.95","4.227260442","211892754","William Meaney"
"J.B. Hunt","JBHT","10.02","76.91","8.664244674","112654332","Shelley Simpson"
"Jabil","JBL","12.97","17.89","3.420347345","191187666","Michael Dastoor"
"Jack Henry & Associates","JKHY","5.87","75.28","7.73089571","102695214","Gregory R. Adelson"
"Jacobs Solutions","J","7.19","33.01","4.890219576","148143580","Robert V. Pragada (commonly known as Bob Pragada)"
"Johnson & Johnson","JNJ","330.1","82.65","228.6878909","2766943629","Joaquin Duato"
"Johnson Controls","JCI","29.65","30.37","12.32642375","405875000","Joakim Weidemanis"
"JPMorgan Chase","JPM","693.93","45.48","166.3048479","3656658925","Jamie Dimon"
"Keurig Dr Pepper","KDP","27.29","12.65","2.361681124","186694160","Tim Cofer"
"KeyCorp","KEY","11.3","7.38","6.2161002","842290000","Christopher M. Gorman"
"Keysight Technologies","KEYS","9.29","27.74","4.752162341","171310827","Satish Dhanasekaran"
"Kimberly-Clark","KMB","35.8","97.55","35.13751","360200000","Mike Hsu (Michael D. Hsu)"
"Kinder Morgan","KMI","26.76","10.88","24.25152","2229000000","Kimberly Allen Dang"
"KLA Corporation","KLAC","64.11","61.52","9.576488653","155664640","Richard P. Wallace (Rick Wallace)"
"Kroger","KR","37.86","31.36","30.18337995","962480228","Ron Sargent"
"Labcorp","LH","12","96.1","11.42094684","118844400","Adam H. Schechter"
"Lam Research","LRCX","59.49","7.21","11.4868999","1593190000","Timothy M. Archer"
"Las Vegas Sands","LVS","7.63","40.29","32.01929273","794720594","Robert G. Goldstein"
"Leidos","LDOS","12.28","31.76","2.291957891","72164921","Thomas A. Bell"
"Lennar","LEN","49.47","41.89","8.215071987","196110575","Stuart Miller"
"Lennox International","LII","8.01","120.85","5.444915482","45055155","Alok Maskara"
"Lilly (Eli)","LLY","163.55","61.08","67.68131561","1108076549","David Ricks"
"Live Nation Entertainment","LYV","1.05","22.31","4.516874702","202459646","Michael Rapino"
"LKQ Corporation","LKQ","10.21","28.66","8.784918428","306521927","Justin L. Jude"
"Lockheed Martin","LMT","113.32","170.74","51.98230846","304453019","Jim Taiclet (James D. Taiclet)"
"Loews Corporation","L","13.19","36.2","12.3042912","339897547","Benjamin J. Tisch (Ben Tisch)"
"Lowe's","LOW","121.41","63.26","57.5666","910000000","Marvin R. Ellison"
"Lululemon Athletica","LULU","25.84","67.71","8.632626933","127494121","Calvin McDonald (departing January 31, 2026; successor not yet named)"
"LyondellBasell","LYB","39.91","41.74","17.8713297","428158354","Peter Vanacker"
"M&T Bank","MTB","40.22","83.71","11.15768732","133289778","René F. Jones"
"Marathon Petroleum","MPC","59.36","27.38","14.49024766","529227453","Maryann T. Mannen"
"Marriott International","MAR","21.1","64.93","16.505206","254200000","Anthony Capuano"
"Marsh McLennan","MMC","55.35","51.65","26.90965","521000000","John Q. Doyle"
"Martin Marietta Materials","MLM","15.15","148.15","9.40826575","63505000","C. Howard Nye"
"Masco","MAS","15.09","27.17","9.040712515","332746136","Jon Nudi"
"Mastercard","MA","185.5","89.19","98.28738","1102000000","Michael Miebach"
"Match Group","MTCH","10.08","10.27","1.818273471","177047076","Spencer Rascoff"
"McCormick & Company","MKC","9.89","41.41","10.512143","253855180","Brendan M. Foley"
"McDonald's","MCD","120.05","99.25","87.12735995","877857531","Chris Kempczinski"
"McKesson Corporation","MCK","40.31","145.7","39.4847","271000000","Brian S. Tyler"
"Medtronic","MDT","64.86","58.63","82.14316586","1401043252","Geoff Martha"
"Merck & Co.","MRK","177.13","37.71","110.4010483","2927633208","Robert M. Davis"
"Meta Platforms","META","821.61","113.41","324.3526","2860000000","Mark Zuckerberg"
"MetLife","MET","67.11","25.11","30.94924922","1232546763","Michel A. Khalaf"
"Mettler Toledo","MTD","13.44","344.76","9.225468006","26759102","Patrick Kaltenbach"
"MGM Resorts","MGM","6.14","20.23","11.43286328","565144008","Bill Hornbuckle"
"Microchip Technology","MCHP","22.56","20.03","8.175513984","408163454","Steve Sanghi"
"Micron Technology","MU","8.41","10.22","11.1398","1090000000","Sanjay Mehrotra"
"Microsoft","MSFT","1392.16","48.7","383.269","7870000000","Satya Nadella"
"Mid-America Apartment Communities","MAA","8.84","72.34","5.462033509","75505025","A. Bradley Hill"
"Mohawk Industries","MHK","1.28","190.9","15.516352","81280000","Jeffrey S. Lorberbaum"
"Molina Healthcare","MOH","19.57","64.49","3.67593","57000000","Joseph Zubretsky"
"Molson Coors Beverage Company","TAP","6.74","76.41","0.198666","2600000","Rahul Goyal"
"Mondelez International","MDLZ","74.87","32.38","51.16147353","1580033154","Dirk Van de Put"
"Monolithic Power Systems","MPWR","19.17","58.79","2.36547444","40236000","Michael Hsing"
"Monster Beverage","MNST","26.16","22.23","27.08160858","1218246000","Hilton H. Schlosberg"
"Moody's Corporation","MCO","34.45","87.65","17.030395","194300000","Robert Fauber"
"Morgan Stanley","MS","196.32","18.98","36.7888271","1938294368","Ted Pick"
"Mosaic Company (The)","MOS","13.97","22.48","7.863504","349800000","Bruce M. Bodine"
"Motorola Solutions","MSI","22.04","65.34","11.39123518","174337851","Greg Brown"
"MSCI Inc.","MSCI","20.96","66.68","8.587696863","128789695","Henry A. Fernandez"
"Nasdaq, Inc.","NDAQ","22.02","18.95","9.351978438","493508097","Adena T. Friedman"
"NetApp","NTAP","14.73","21.32","6.163247385","289082898","George Kurian"
"Netflix","NFLX","100.55","10.22","43.77115788","4282892160","Ted Sarandos and Greg Peters (Co-CEOs)"
"Newmont","NEM","4.21","20.89","11.0717","530000000","Natascha Viljoen"
"News Corp","NWSA","2.28","7.21","0.03942524614","5468134","Robert Thomson"
"NextEra Energy","NEE","60.71","23.08","42.6006902","1845783804","John W. Ketchum"
"Nike, Inc.","NKE","83.01","54.27","91.44495","1685000000","Elliott Hill"
"NiSource","NI","6.96","17.26","5.546678519","321360285","Lloyd Yates"
"Nordson Corporation","NDSN","5.96","68.87","3.924904193","56990042","Sundaram ""Naga"" Nagarajan"
"Norfolk Southern","NSC","35.21","68.1","20.13974561","295737821","Mark George"
"Northern Trust","NTRS","24.9","50.18","11.44925507","228163712","Michael O'Grady"
"Northrop Grumman","NOC","64.17","169.12","30.58177596","180828855","Kathy Warden"
"Norwegian Cruise Line Holdings","NCLH","0.42","55.29","12.55090918","227001432","Harry Sommer"
"NRG Energy","NRG","14.5","10.64","3.350602181","314906220","Lawrence Coben"
"Nucor","NUE","42.33","38.16","12.19650451","319614898","Leon J. Topalian"
"Nvidia","NVDA","407.87","0.87","18.84910986","21665643520","Jensen Huang"
"NVR, Inc.","NVR","22.72","1732.4","6.723688668","3881141","Eugene J. Bredow"
"NXP Semiconductors","NXPI","33.8","72.39","-","-","Rafael Sotomayor"
"Occidental Petroleum","OXY","36.28","50.4","38.49257145","763741497","Vicki Hollub"
"Old Dominion","ODFL","15.56","22.29","5.593635244","250948194","Kevin M. Freeman"
"Omnicom Group","OMC","19.56","60.11","14.4017897","239590579","John Wren"
"ON Semiconductor","ON","15.53","9.59","3.95146173","412039805","Hassane El-Khoury"
"Oneok","OKE","32.36","16.36","3.437215599","210098753","Pierce H. Norton II"
"Oracle Corporation","ORCL","158.39","35.33","146.6147305","4149865000","Clay Magouyrk and Mike Sicilia (Co-CEOs)"
"Paccar","PCAR","36.4","25.71","13.55014045","527037746","R. Preston Feight"
"Packaging Corporation of America","PKG","10.87","45.62","4.38540498","96129000","Mark W. Kowlzan"
"Palo Alto Networks","PANW","12.53","27.19","14.4167588","530222832","Nikesh Arora"
"Parker Hannifin","PH","26.68","95.31","12.83649157","134681477","Jennifer A. Parmentier"
"Paychex","PAYX","25.82","40.31","14.51647969","360121054","John B. Gibson, Jr."
"Paycom","PAYC","6.97","34.9","1.994121679","57138157","Chad Richison"
"PayPal","PYPL","72.3","38.51","46.52008","1208000000","Alex Chriss"
"Pentair","PNR","7.11","31.06","8.357075038","269062300","John L. Stauch"
"PepsiCo","PEP","163.12","77.12","111.51552","1446000000","Ramon Laguarta"
"Pfizer","PFE","209.85","18.43","119.6140931","6490184109","Albert Bourla"
"PG&E Corporation","PCG","21.26","56.51","28.00673473","495606702","Patti Poppe"
"Philip Morris International","PM","146.17","60.64","93.95222434","1549344069","Jacek Olczak"
"Phillips 66","PSX","47.74","59.88","31.47181771","525581458","Mark Lashier"
"Pinnacle West Capital","PNW","8.2","51.18","5.673290307","110849752","Ted Geisler"
"Pool Corporation","POOL","9.36","78.46","3.29997409","42059318","Peter D. Arvan"
"PPG Industries","PPG","15.66","93.28","24.8183947","266063408","Timothy M. Knavish"
"PPL Corporation","PPL","15.67","24.88","16.65750832","669514000","Vincent Sorgi"
"Principal Financial Group","PFG","29.09","27.41","7.959864","290400000","Deanna Strable"
"Procter & Gamble","PG","241.35","63.01","167.723286","2661851865","Shailesh Jejurikar"
"Prologis","PLD","79.51","33.78","17.73895896","525132000","Dan Letter"
"Prudential Financial","PRU","23.95","46.75","20.99075","449000000","Andrew Sullivan"
"Public Service Enterprise Group","PEG","30.31","33.97","17.16444384","505282421","Ralph A. LaRossa"
"PTC Inc.","PTC","4.13","33.16","3.797870708","114531686","Neil Barua"
"Public Storage","PSA","46","189.22","32.74996713","173078782","Joseph D. Russell Jr. (Joe Russell)"
"PulteGroup","PHM","38.95","16.66","5.77074078","346383000","Ryan R. Marshall"
"Qualcomm","QCOM","128.19","39","57.213","1467000000","Cristiano Amon"
"Quest Diagnostics","DGX","16.25","58.81","8.29221","141000000","Jim Davis (James E. Davis)"
"Ralph Lauren Corporation","RL","9.53","79.49","6.678331206","84014734","Patrice Louvet"
"Raymond James Financial","RJF","23.36","27.6","-","-","Paul Shoukry"
"Realty Income","O","16.22","38.56","9.99153116","259116472","Sumit Roy"
"Regency Centers","REG","6.79","51.99","5.054858557","97227516","Lisa Palmer"
"Regeneron Pharmaceuticals","REGN","73.23","358.49","38.143336","106400000","Leonard S. Schleifer, MD, PhD"
"Regions Financial Corporation","RF","26.29","5.45","7.06865","1297000000","John M. Turner Jr."
"Republic Services","RSG","24.66","40.65","14.01895298","344869692","Jon Vander Ark"
"ResMed","RMD","13.56","51.64","7.248581728","140367578","Michael J. Farrell (also known as Mick Farrell)"
"Rockwell Automation","ROK","15.52","94.51","12.31120735","130263542","Blake Moret"
"Rollins, Inc.","ROL","7.27","10.69","5.26024255","492071333","Jerry E. Gahlhoff, Jr."
"Roper Technologies","ROP","27.57","172.57","17.44072216","101064624","Neil Hunn (Laurence Neil Hunn)"
"Ross Stores","ROST","29.99","52.53","21.07963721","401287592","James G. Conroy"
"Royal Caribbean Group","RCL","0.46","73.61","16.00345743","217408741","Jason Liberty"
"S&P Global","SPGI","72.09","90.42","23.979384","265200000","Martina L. Cheung"
"Salesforce","CRM","43.29","73.05","49.01136345","670929000","Marc Benioff"
"SBA Communications","SBAC","7.37","92.48","11.60734976","125512000","Brendan Cavanagh"
"Schlumberger","SLB","31.58","55.6","69.6297798","1252334169","Olivier Le Peuch"
"Seagate Technology","STX","10.45","22.13","6.616542896","298985219","Dr. Dave Mosley (William David Mosley)"
"Sempra","SRE","25.58","38.44","19.14312","498000000","Jeffrey W. Martin"
"ServiceNow","NOW","22.86","61.18","9.960104","162800000","Bill McDermott"
"Sherwin-Williams","SHW","34.71","86.72","24.0635286","277485339","Heidi G. Petz"
"Simon Property Group","SPG","26.93","127.2","39.35782154","309416836","David Simon"
"Skyworks Solutions","SWKS","12.79","63.58","12.18627687","191668400","Philip Brace"
"J.M. Smucker Company (The)","SJM","6.99","96.45","11.54355006","119684293","Mark Smucker"
"Snap-on","SNA","11.31","124.27","7.216855234","58073994","Nicholas T. Pinchuk"
"Southern Company","SO","50.61","34.4","31.58808982","918258425","Christopher C. Womack"
"Southwest Airlines","LUV","4.15","40.07","26.05972918","650355108","Bob Jordan"
"Stanley Black & Decker","SWK","7.27","81.74","12.58340635","153944291","Christopher J. Nelson"
"Starbucks","SBUX","57.1","48.64","71.23328","1464500000","Brian Niccol"
"State Street Corporation","STT","36.22","44.5","17.95513198","403486112","Ronald P. O'Hanley"
"Steel Dynamics","STLD","26.25","18.54","4.514504165","243500764","Mark D. Millett"
"Steris","STE","4.99","63.99","5.4980208","85920000","Daniel A. Carestio"
"Stryker Corporation","SYK","37.39","96.56","36.11161473","373981097","Kevin A. Lobo"
"Supermicro","SMCI","15.43","3.41","1.628512541","477569660","Charles Liang"
"Synchrony Financial","SYF","39.94","22.83","19.03634799","833830398","Brian Doubles"
"Synopsys","SNPS","22.53","48.44","7.340008231","151527833","Sassine Ghazi"
"Sysco","SYY","25.14","36.63","6.558608313","179050186","Kevin P. Hourican"
"T-Mobile US","TMUS","155.97","37.02","30.43417954","822101014","Srini Gopalan"
"T. Rowe Price","TROW","35.59","52.37","12.9945681","248130000","Robert W. Sharps (Rob Sharps)"
"Take-Two Interactive","TTWO","0.66","37.67","3.26120491","86573000","Strauss Zelnick"
"Tapestry, Inc.","TPR","8.73","30.8","8.55932","277900000","Joanne Crevoiserat"
"Targa Resources","TRGP","15.01","19.11","3.06870291","160581000","Matthew J. Meloy"
"Target Corporation","TGT","74.34","61.56","37.07306439","602226517","Brian Cornell"
"TE Connectivity","TEL","29.35","51.8","19.14930154","369677636","Terrence R. Curtin"
"Teledyne Technologies","TDY","8.64","88.14","3.037949144","34467315","George C. Bobb III"
"Teradyne","TER","12.99","20.37","4.162334362","204336493","Greg Smith"
"Tesla, Inc.","TSLA","230.97","15.32","30.7605684","2007870000","Elon Musk"
"Texas Instruments","TXN","90.38","43.91","44.54283404","1014412071","Haviv Ilan"
"Texas Pacific Land Corporation","TPL","3.73","43.99","1.064493775","24198540","Tyler Glover"
"Textron","TXT","10.97","35.85","9.721501322","271171585","Lisa Atherton"
"Thermo Fisher Scientific","TMO","96.97","137.85","56.7942","412000000","Marc N. Casper"
"TJX Companies","TJX","66.14","34.15","45.25497923","1325182408","Ernie Herrman"
"Tractor Supply","TSCO","21.91","15.59","10.49557775","673225000","Hal Lawton"
"Trane Technologies","TT","33.8","53.09","14.3343","270000000","Dave Regnery"
"TransDigm Group","TDG","21.52","138.26","7.392281746","53466525","Michael J. Lisman (Mike Lisman)"
"Travelers Companies (The)","TRV","59.02","94.58","27.655192","292400000","Alan D. Schnitzer"
"Trimble Inc.","TRMB","7.46","24.8","6.222328978","250900362","Robert G. Painter"
"Truist Financial","TFC","25.66","22.44","17.55658476","782379000","William H. Rogers Jr."
"Tyler Technologies","TYL","2.17","128.61","4.70352492","36572000","H. Lynn Moore Jr."
"Tyson Foods","TSN","15.32","52.5","19.06297853","363104353","Donnie King"
"U.S. Bancorp","USB","80.98","28.77","49.82964","1732000000","Gunjan Kedia"
"UDR, Inc.","UDR","3.32","27.2","7.266134234","267137288","Thomas W. Toomey"
"Ulta Beauty","ULTA","14.04","193.74","12.13165123","62618206","Kecia Steelman"
"Union Pacific Corporation","UNP","97.17","64.49","54.23215231","840938941","Jim Vena (Vincenzo James Vena)"
"United Airlines Holdings","UAL","9.32","59.86","20.31077485","339304625","Scott Kirby"
"United Parcel Service","UPS","125.7","73.82","65.73041515","890414727","Carol B. Tomé"
"United Rentals","URI","31.16","60.22","5.382262224","89376656","Matthew Flannery"
"UnitedHealth Group","UNH","305.5","111.04","105.93216","954000000","Stephen J. Hemsley"
"Universal Health Services","UHS","11.55","119.65","0.7891286022","6595308","Marc D. Miller"
"Valero Energy","VLO","46.27","43.62","29.35626","673000000","R. Lane Riggs"
"Ventas","VTR","2.28","41.63","13.86207292","332982775","Debra A. Cafaro"
"Verisign","VRSN","13.55","87.78","9.55739862","108879000","D. James Bidzos"
"Verisk Analytics","VRSK","12.65","76.53","12.85551422","167980063","Lee M. Shavel"
"Verizon","VZ","218.65","32.43","132.1940216","4076288055","Dan Schulman"
"Vertex Pharmaceuticals","VRTX","45.47","79.49","19.65682018","247286705","Reshma Kewalramani"
"Visa Inc.","V","278.47","71.44","170.40226","2385250000","Ryan McInerney"
"Vulcan Materials Company","VMC","8.73","97.08","12.94542384","133348000","Ronnie Pruitt"
"W. R. Berkley Corporation","WRB","21.83","13.51","5.589496191","413730288","W. Robert Berkley, Jr."
"W. W. Grainger","GWW","27.62","200.42","12.29019112","61322179","D.G. Macpherson (Donald G. Macpherson)"
"Wabtec","WAB","10.55","74.92","6.750601869","90104136","Rafael Santana"
"Walmart","WMT","232.31","19.21","181.208032","9433005312","John Furner"
"Walt Disney Company (The)","DIS","52.65","92.16","150.365505","1631570150","Robert A. Iger"
"Waste Management","WM","38.7","49.55","22.034885","444700000","James C. Fish, Jr."
"Waters Corporation","WAT","9.12","131.92","10.71898401","81253669","Udit Batra"
"WEC Energy Group","WEC","18.52","43.88","13.85059944","315647207","Scott Lauber"
"Wells Fargo","WFC","222.71","36.76","187.7632003","5107812848","Charlie Scharf"
"Welltower","WELL","5.75","48.19","17.19287738","356772720","Shankh Mitra"
"West Pharmaceutical Services","WST","7.99","66.77","4.879388147","73077552","Eric M. Green"
"Western Digital","WDC","2.47","31.08","9.53957088","306936000","Irving Tan"
"Weyerhaeuser","WY","19.41","21.19","16.08414704","759044221","Devin W. Stockfish"
"Williams-Sonoma, Inc.","WSM","15.5","21.65","3.860575607","178317580","Laura Alber"
"Williams Companies","WMB","28.89","9.53","7.145257944","749764737","Chad J. Zamarin"
"Workday, Inc.","WDAY","4.93","76.84","14.9838","195000000","Carl Eschenbach"
"Wynn Resorts","WYNN","0.94","82.71","8.41743301","101770439","Craig Billings"
"Xcel Energy","XEL","17.32","31.22","15.85829266","507953000","Bob Frenzel"
"Xylem Inc.","XYL","7.27","36.34","6.48222018","178377000","Matthew Pine"
"Yum! Brands","YUM","27.76","48.86","19.96964496","408711522","Chris Turner"
"Zebra Technologies","ZBRA","4.4","69","3.599167719","52161851","Bill Burns (William J. Burns)"
"Zimmer Biomet","ZBH","6.8","95.95","29.91538695","311781000","Ivan Tornos"
"Zoetis","ZTS","36.97","41.08","20.43319664","497400113","Kristin Peck"
